Unemployment,Unemployment actual,RealGDP,RealGDP actual,Core CPI,Core CPI actual,Core PCE,Core PCE actual,XGBoost Unemployment,XGBoost RealGDP,XGBoost Core CPI,XGBoost Core PCE,RandomForest Unemployment,RandomForest RealGDP,RandomForest Core CPI,RandomForest Core PCE
Unemployment,Unknown,RealGDP,Unknown,Core CPI,Unknown,Core PCE,Unknown,7.393668,-0.70519084,1.713325,1.378743,7.3354464285714425,-0.10909505681818178,1.7664746968070189,1.3760862768085842
Unemployment,Unknown,RealGDP,Unknown,Core CPI,Unknown,Core PCE,Unknown,7.9103413,-1.2615677,1.739907,1.3887662,7.871279761904759,-2.209049319696968,1.8008012792977395,1.4032307144338894
Unemployment,Unknown,RealGDP,Unknown,Core CPI,Unknown,Core PCE,Unknown,7.7397914,-0.79321474,1.7377173,1.378743,7.665833333333337,0.19650999772727282,1.7698435482555963,1.3959875886298752
Unemployment,Unknown,RealGDP,Unknown,Core CPI,Unknown,Core PCE,Unknown,6.362326,-0.38885218,1.7407469,1.3738775,7.729047619047619,-0.04405477272727266,1.796687013453739,1.357659418000634
Unemployment,Unknown,RealGDP,Unknown,Core CPI,Unknown,Core PCE,Unknown,7.5315266,-0.85758024,1.7206712,1.378743,6.600267857142872,-0.28608981818181783,1.730217481089896,1.4155953368263465
Unemployment,Unknown,RealGDP,Unknown,Core CPI,Unknown,Core PCE,Unknown,5.2183514,-0.00882479,1.7372406,1.3912271,7.483363095238103,-1.2032944515151534,1.8026823711830118,1.413444845206692
Unemployment,Unknown,RealGDP,Unknown,Core CPI,Unknown,Core PCE,Unknown,5.19417,-0.8921836,1.7385571,1.3929058,5.6644270833333366,-0.2788559861111106,1.7345402821900278,1.345659324926541
Unemployment,Unknown,RealGDP,Unknown,Core CPI,Unknown,Core PCE,Unknown,8.430011,-1.9888278,1.70832,1.3439544,7.981904761904755,-2.8769941272727215,1.7464345513844568,1.3683928545643917
Unemployment,Unknown,RealGDP,Unknown,Core CPI,Unknown,Core PCE,Unknown,5.2183514,-2.389055,1.7385571,1.3929058,6.1817857142857235,-0.548211515151515,1.7623105981133091,1.3846933552076541
Unemployment,Unknown,RealGDP,Unknown,Core CPI,Unknown,Core PCE,Unknown,7.456664,-1.5094057,1.7415643,1.383431,7.824613095238094,0.4399749628787893,1.7314647189160581,1.347622638844015
Unemployment,Unknown,RealGDP,Unknown,Core CPI,Unknown,Core PCE,Unknown,8.178741,0.73296505,1.7385571,1.3945045,7.842586805555553,1.2829651818181813,1.7781445744420776,1.3952466644240547
Unemployment,Unknown,RealGDP,Unknown,Core CPI,Unknown,Core PCE,Unknown,6.994984,-1.2809147,1.7062534,1.3996409,7.665833333333337,-0.8407435454545462,1.736574270059731,1.334278399892483
Unemployment,Unknown,RealGDP,Unknown,Core CPI,Unknown,Core PCE,Unknown,7.7229905,-1.3441907,1.7105098,1.3886425,7.956696428571424,-1.636999772727274,1.7566356636257243,1.3572490630849432
Unemployment,Unknown,RealGDP,Unknown,Core CPI,Unknown,Core PCE,Unknown,7.770581,-1.2030357,1.7377173,1.3828827,7.495119047619057,-1.3628236363636375,1.7534972572446677,1.3932877200630787
Unemployment,Unknown,RealGDP,Unknown,Core CPI,Unknown,Core PCE,Unknown,8.154746,-1.8902895,1.7377173,1.3828827,7.966894841269836,-1.3608904727272741,1.7608082329641217,1.3567896944713425
Unemployment,Unknown,RealGDP,Unknown,Core CPI,Unknown,Core PCE,Unknown,6.043922,-2.779831,1.7206712,1.3929058,6.505666666666675,-2.2713643636363616,1.780134678347967,1.3585470240644637
Unemployment,Unknown,RealGDP,Unknown,Core CPI,Unknown,Core PCE,Unknown,7.269723,-2.3732748,1.7366984,1.3656512,8.013511904761899,-2.250739681818179,1.7662072356521334,1.3387741844924603
Unemployment,Unknown,RealGDP,Unknown,Core CPI,Unknown,Core PCE,Unknown,7.9325056,-0.7497195,1.7105098,1.3886425,7.666577380952386,-1.0740304545454566,1.7482855849574424,1.3820382817818824
Unemployment,Unknown,RealGDP,Unknown,Core CPI,Unknown,Core PCE,Unknown,7.4517493,-0.7333063,1.7103018,1.3761947,7.936874999999996,0.9250866818181824,1.7232040200789596,1.3614188007107957
Unemployment,Unknown,RealGDP,Unknown,Core CPI,Unknown,Core PCE,Unknown,6.128168,-1.879862,1.739907,1.379483,6.524538690476202,-1.8176411363636356,1.7807593088830753,1.343810620174834
Unemployment,Unknown,RealGDP,Unknown,Core CPI,Unknown,Core PCE,Unknown,8.262475,-0.7040095,1.707491,1.3470118,8.045119047619039,-1.3657885454545473,1.7061138759002596,1.373771853747499
Unemployment,Unknown,RealGDP,Unknown,Core CPI,Unknown,Core PCE,Unknown,8.24777,-2.3396816,1.7062534,1.3996409,7.981904761904757,-1.9267442272727269,1.7513209199835915,1.3499582796577718
Unemployment,Unknown,RealGDP,Unknown,Core CPI,Unknown,Core PCE,Unknown,6.6048336,-1.3104082,1.7345086,1.3839064,7.51833333333334,-0.9749507727272742,1.7655619734417731,1.348207168264891
Unemployment,Unknown,RealGDP,Unknown,Core CPI,Unknown,Core PCE,Unknown,7.8637357,-0.7920334,1.726329,1.390753,7.950297619047615,-1.1927622727272753,1.7241144285655738,1.3780959956908778
Unemployment,Unknown,RealGDP,Unknown,Core CPI,Unknown,Core PCE,Unknown,4.836709,-0.63402617,1.70832,1.3848133,4.023792517006786,-0.1850412727272726,1.7440641041865177,1.3950855273210714
Unemployment,Unknown,RealGDP,Unknown,Core CPI,Unknown,Core PCE,Unknown,4.9786253,-1.3324608,1.7368766,1.3800771,5.177127976190479,-1.5918787727272736,1.778687762151511,1.364284067822694
Unemployment,Unknown,RealGDP,Unknown,Core CPI,Unknown,Core PCE,Unknown,5.062871,-2.0575695,1.7372406,1.378743,5.435734126984134,-2.5815561598484806,1.8124516128951178,1.3529598496058215
Unemployment,Unknown,RealGDP,Unknown,Core CPI,Unknown,Core PCE,Unknown,7.7572265,1.6039107,1.7084432,1.3836441,7.823869047619048,1.5221223636363606,1.726136402216753,1.38645647905667
Unemployment,Unknown,RealGDP,Unknown,Core CPI,Unknown,Core PCE,Unknown,8.573679,-1.9866184,1.7366984,1.3734078,7.982648809523804,-2.826580348484843,1.7831549719598914,1.4082068207338059
Unemployment,Unknown,RealGDP,Unknown,Core CPI,Unknown,Core PCE,Unknown,8.388772,-1.1585982,1.8393624,1.5315481,7.934494047619045,-2.1128250833333326,1.9188224409766415,1.5199994681684281
Unemployment,Unknown,RealGDP,Unknown,Core CPI,Unknown,Core PCE,Unknown,8.223336,-0.19020341,1.8420289,1.5364137,7.839672619047619,0.32966092424242466,1.9721959021760862,1.5098603595084763
Unemployment,Unknown,RealGDP,Unknown,Core CPI,Unknown,Core PCE,Unknown,8.527764,1.1586902,1.8406789,1.5371536,7.871279761904761,1.6702950909090861,1.958910510738571,1.5360739356114452
Unemployment,Unknown,RealGDP,Unknown,Core CPI,Unknown,Core PCE,Unknown,8.539459,-1.2736446,1.8125511,1.5263906,8.029315476190469,-1.6292062727272731,1.8945357910565814,1.5365357899592686
Unemployment,Unknown,RealGDP,Unknown,Core CPI,Unknown,Core PCE,Unknown,7.59545,-1.4191679,1.8428687,1.521525,8.076726190476181,-0.7991277272727281,1.9430850157152353,1.5121263320950258
Unemployment,Unknown,RealGDP,Unknown,Core CPI,Unknown,Core PCE,Unknown,7.4951243,-1.7365243,1.8428687,1.5364137,7.871279761904761,-1.2996211090909107,1.9359484386527746,1.5274871730697475
Unemployment,Unknown,RealGDP,Unknown,Core CPI,Unknown,Core PCE,Unknown,8.876894,-2.3117454,1.8406789,1.5405533,7.918690476190473,-1.6041100454545458,1.9195502257561368,1.5126953990744743
Unemployment,Unknown,RealGDP,Unknown,Core CPI,Unknown,Core PCE,Unknown,8.713172,-2.388482,1.8366305,1.5305302,8.029315476190469,-2.041868136363635,1.9477657306949732,1.5247781370906235
Unemployment,Unknown,RealGDP,Unknown,Core CPI,Unknown,Core PCE,Unknown,6.1401024,-0.7704331,1.8406789,1.5405533,5.642626488095241,0.29044272727272774,1.9274222572593063,1.5204042269795992
Unemployment,Unknown,RealGDP,Unknown,Core CPI,Unknown,Core PCE,Unknown,7.4086623,-2.634332,1.8406789,1.5310785,7.343184523809535,-0.6170176742424242,1.9164654019594862,1.501514897844291
Unemployment,Unknown,RealGDP,Unknown,Core CPI,Unknown,Core PCE,Unknown,5.751516,-1.1723821,1.8406789,1.5364137,6.47107142857144,-0.5278355454545451,1.935738507659169,1.542433004465274
Unemployment,Unknown,RealGDP,Unknown,Core CPI,Unknown,Core PCE,Unknown,8.860505,-1.3034137,1.8406789,1.5210553,8.029315476190469,-1.35065328787879,1.9350377699071544,1.5129800815939851
Unemployment,Unknown,RealGDP,Unknown,Core CPI,Unknown,Core PCE,Unknown,6.1922884,-0.8933119,1.8023897,1.53629,5.102447916666668,-2.4703026477272694,1.9156590339058541,1.5464570866527008
Unemployment,Unknown,RealGDP,Unknown,Core CPI,Unknown,Core PCE,Unknown,7.492229,-1.5272628,1.8406789,1.5305302,7.918690476190473,-1.7658187045454543,1.9208167868247252,1.501802201910958
Unemployment,Unknown,RealGDP,Unknown,Core CPI,Unknown,Core PCE,Unknown,4.8336225,-0.37759024,1.8398391,1.5305302,4.614623157596368,0.4453213181818194,1.9513894221944923,1.5076126642807919
Unemployment,Unknown,RealGDP,Unknown,Core CPI,Unknown,Core PCE,Unknown,5.3102164,-2.4751284,1.8428687,1.5371536,4.737232142857141,-2.532112499999996,1.9231458571428681,1.5291930413758315
Unemployment,Unknown,RealGDP,Unknown,Core CPI,Unknown,Core PCE,Unknown,6.1716084,0.57224584,1.8125511,1.5274647,6.792440476190486,0.4222738181818185,1.8624013127779626,1.5351352239516733
Unemployment,Unknown,RealGDP,Unknown,Core CPI,Unknown,Core PCE,Unknown,9.11069,-0.038277924,1.8023897,1.5285074,8.076726190476181,-1.7751749659090912,1.927283188895629,1.5319911048252708
Unemployment,Unknown,RealGDP,Unknown,Core CPI,Unknown,Core PCE,Unknown,7.656772,-2.2987719,1.8284508,1.5140564,6.834940476190488,-1.7022816772727272,1.8624116051746298,1.5284211409909154
Unemployment,Unknown,RealGDP,Unknown,Core CPI,Unknown,Core PCE,Unknown,7.630161,0.35140413,1.8420289,1.5171394,8.013511904761899,-1.4035300909090929,1.9598834328209853,1.4426830771707608
Unemployment,Unknown,RealGDP,Unknown,Core CPI,Unknown,Core PCE,Unknown,8.829829,-2.4722936,1.8023897,1.5312916,8.013511904761899,-2.2714644712121195,1.9223577058923664,1.5634072826808498
Unemployment,Unknown,RealGDP,Unknown,Core CPI,Unknown,Core PCE,Unknown,4.1397223,-1.0644855,1.8440497,1.5210553,4.286101190476182,-1.9529872613636352,1.9557315579769037,1.5091684521937705
Unemployment,Unknown,RealGDP,Unknown,Core CPI,Unknown,Core PCE,Unknown,8.755774,-1.4712877,1.8366305,1.515557,7.9028869047619015,-1.1449192272727293,1.9231796627094055,1.4622195939903087
Unemployment,Unknown,RealGDP,Unknown,Core CPI,Unknown,Core PCE,Unknown,8.850624,-1.1478599,1.8003231,1.5186948,8.06092261904761,-1.026306909090911,1.7811519455973686,1.500038394613367
Unemployment,Unknown,RealGDP,Unknown,Core CPI,Unknown,Core PCE,Unknown,7.9507837,-2.1520083,1.83495,1.5305517,8.029315476190469,-1.4442845000000009,1.8694956758064298,1.5342657370159436
Unemployment,Unknown,RealGDP,Unknown,Core CPI,Unknown,Core PCE,Unknown,8.528905,-2.1890006,1.8428687,1.5405533,7.888571428571424,-1.1766589545454564,1.9504320329689122,1.531018104202811
Unemployment,Unknown,RealGDP,Unknown,Core CPI,Unknown,Core PCE,Unknown,6.246261,-0.99492085,1.8388202,1.5305302,7.1841071428571555,0.2734725454545458,1.9519263670627904,1.528500473521285
Unemployment,Unknown,RealGDP,Unknown,Core CPI,Unknown,Core PCE,Unknown,7.4660864,-0.23258713,1.8458759,1.5310785,7.203869047619059,-1.1958948181818203,1.947358610478168,1.5174209331484272
Unemployment,Unknown,RealGDP,Unknown,Core CPI,Unknown,Core PCE,Unknown,6.068484,0.47256312,1.8428687,1.5305302,6.430282738095247,1.2396715000000003,1.9743637914237295,1.5235239820156135
Unemployment,Unknown,RealGDP,Unknown,,,,,8.439114,-1.8763798,,,7.997708333333326,-2.140416863636361,,
Unemployment,Unknown,RealGDP,Unknown,,,,,8.310536,-1.4398892,,,7.966101190476185,-1.2380642727272746,,
Unemployment,Unknown,RealGDP,Unknown,,,,,6.669243,-1.8791215,,,7.4129761904762015,-1.8992938090909082,,
Unemployment,Unknown,RealGDP,Unknown,,,,,7.308693,-1.342895,,,7.31247023809525,-1.3025007727272742,,
Unemployment,Unknown,RealGDP,Unknown,,,,,5.1180577,-0.48176658,,,5.836950644841271,-0.35641554545454446,,
Unemployment,Unknown,RealGDP,Unknown,,,,,5.215815,-1.9996948,,,4.716964285714282,-1.6690761727272727,,
Unemployment,Unknown,RealGDP,Unknown,,,,,8.5351305,-0.18790616,,,7.988154761904756,-1.5638450492424236,,
Unemployment,Unknown,RealGDP,Unknown,,,,,6.11247,-2.3839855,,,5.893825396825405,-2.8082709030302984,,
Unemployment,Unknown,RealGDP,Unknown,,,,,7.5679994,-2.248747,,,7.8080654761904755,-1.1775448181818202,,
Unemployment,Unknown,RealGDP,Unknown,,,,,8.730645,-2.2397485,,,8.000089285714278,-0.6726325909090906,,
Unemployment,Unknown,RealGDP,Unknown,,,,,7.2941008,-1.3735561,,,7.004315476190488,-0.804460227272728,,
Unemployment,Unknown,RealGDP,Unknown,,,,,8.205399,-1.4577303,,,7.838764880952381,-2.027109329545453,,
Unemployment,Unknown,RealGDP,Unknown,,,,,5.657953,-1.3879473,,,4.890357142857144,-0.8973126818181829,,
Unemployment,Unknown,RealGDP,Unknown,,,,,7.7866173,-0.70067495,,,7.5236011904761995,-0.7413760000000007,,
Unemployment,Unknown,RealGDP,Unknown,,,,,8.272181,-1.4256177,,,8.004032738095232,-0.8243324545454553,,
Unemployment,Unknown,RealGDP,Unknown,,,,,7.695599,-2.8065772,,,7.919434523809518,-1.7104549545454542,,
Unemployment,Unknown,RealGDP,Unknown,,,,,8.381404,-2.1880596,,,7.918690476190471,-1.0697713636363655,,
Unemployment,Unknown,RealGDP,Unknown,,,,,5.8167205,-0.57900673,,,6.537418154761914,-0.1063354810606057,,
Unemployment,Unknown,RealGDP,Unknown,,,,,8.103791,-1.7443031,,,7.934494047619045,-1.916989772727272,,
Unemployment,Unknown,RealGDP,Unknown,,,,,8.27843,-0.17362992,,,8.098571428571418,-0.21865834090909067,,
Unemployment,Unknown,RealGDP,Unknown,,,,,8.441287,-0.32864654,,,8.124583333333325,-0.3754949242424242,,
Unemployment,Unknown,RealGDP,Unknown,,,,,7.927739,-0.67635065,,,8.059374999999992,-1.3095551818181834,,
Unemployment,Unknown,RealGDP,Unknown,,,,,7.3491516,-2.1769848,,,7.537976190476198,-2.374356586363633,,
Unemployment,Unknown,RealGDP,Unknown,,,,,8.006891,-1.072655,,,7.992648809523804,-0.6161972303030302,,
Unemployment,Unknown,RealGDP,Unknown,,,,,8.027834,-1.0779941,,,8.08985119047618,-0.8075264090909099,,
Unemployment,Unknown,RealGDP,Unknown,,,,,7.896868,-1.1928943,,,8.108333333333324,-1.0427787651515168,,
Unemployment,Unknown,RealGDP,Unknown,,,,,8.057445,-0.7644502,,,8.057202380952376,-0.8182555909090917,,
Unemployment,Unknown,RealGDP,Unknown,,,,,7.6884594,-0.2489598,,,8.108333333333324,-0.9843452111111126,,
Unemployment,Unknown,RealGDP,Unknown,,,,,7.977354,-1.395339,,,8.012083333333326,-0.6108844545454545,,
Unemployment,Unknown,RealGDP,Unknown,,,,,8.017176,-1.4577708,,,8.01196428571428,-0.4870811818181818,,
Unemployment,Unknown,RealGDP,Unknown,,,,,8.16618,-2.2116988,,,8.070386904761898,-2.5062331363636328,,
Unemployment,Unknown,RealGDP,Unknown,,,,,8.287841,-1.3252231,,,7.934940476190473,-0.12887472727272725,,
Unemployment,Unknown,RealGDP,Unknown,,,,,7.914726,-0.83712494,,,7.685744047619052,-0.9915809583333347,,
Unemployment,Unknown,RealGDP,Unknown,,,,,8.237336,-0.97192717,,,8.09261904761904,-0.5621861818181817,,
Unemployment,Unknown,RealGDP,Unknown,,,,,8.659453,-1.201633,,,7.9803273809523745,-0.31707003030303,,
Unemployment,Unknown,RealGDP,Unknown,,,,,8.197226,-2.259735,,,8.070148809523804,-1.149682500000002,,
Unemployment,Unknown,RealGDP,Unknown,,,,,8.195029,-1.3521882,,,8.075148809523805,-0.996346136363638,,
Unemployment,Unknown,RealGDP,Unknown,,,,,8.167291,-0.74284923,,,8.08747023809523,-0.48419524999999985,,
Unemployment,Unknown,RealGDP,Unknown,,,,,7.877894,-0.37072882,,,7.996398809523805,-0.701576181818182,,
Unemployment,Unknown,RealGDP,Unknown,,,,,7.27141,-0.5325272,,,7.443601190476201,-0.5502709999999998,,
Unemployment,Unknown,RealGDP,Unknown,,,,,8.099215,-1.0950165,,,7.9028869047619015,-1.3978582727272737,,
Unemployment,Unknown,RealGDP,Unknown,,,,,7.5099535,-1.2621713,,,7.757648809523812,-1.6075870639118448,,
Unemployment,Unknown,RealGDP,Unknown,,,,,8.148706,-0.87772197,,,8.029642857142852,-0.2287020909090908,,
Unemployment,Unknown,RealGDP,Unknown,,,,,8.153108,-0.5278438,,,8.061130952380946,-0.46175444318181796,,
Unemployment,Unknown,RealGDP,Unknown,,,,,7.543868,-2.1769848,,,7.594047619047623,-2.374356586363633,,
Unemployment,Unknown,RealGDP,Unknown,,,,,8.006891,-1.301351,,,7.992648809523804,-0.6246802575757575,,
Unemployment,Unknown,RealGDP,Unknown,,,,,8.027834,-0.5814169,,,8.08985119047618,-0.5101664090909089,,
Unemployment,Unknown,RealGDP,Unknown,,,,,7.896868,-1.1821247,,,8.108333333333324,-1.0876705075757591,,
Unemployment,Unknown,RealGDP,Unknown,,,,,8.241742,-0.7644502,,,8.090833333333327,-0.8182555909090917,,
Unemployment,Unknown,RealGDP,Unknown,,,,,7.810673,-0.2489598,,,8.108333333333324,-0.9843452111111126,,
Unemployment,Unknown,RealGDP,Unknown,,,,,8.035735,-1.5046364,,,8.06994047619047,-1.3565814659090918,,
Unemployment,Unknown,RealGDP,Unknown,,,,,8.506701,-1.2302482,,,8.092738095238087,-0.5801354318181817,,
Unemployment,Unknown,RealGDP,Unknown,,,,,8.186485,-2.1517098,,,8.06895833333333,-2.9918254090909033,,
Unemployment,Unknown,RealGDP,Unknown,,,,,8.287841,-0.83712494,,,7.934940476190473,-0.9915809583333347,,
Unemployment,Unknown,RealGDP,Unknown,,,,,8.2599325,-1.5737538,,,7.928095238095235,-0.6124812613636362,,
Unemployment,Unknown,RealGDP,Unknown,,,,,8.237336,-1.201633,,,8.091428571428565,-0.31707003030303,,
Unemployment,Unknown,RealGDP,Unknown,,,,,8.160773,-1.6746528,,,8.079434523809516,-1.2477925462121227,,
Unemployment,Unknown,RealGDP,Unknown,,,,,8.167291,-1.3521882,,,8.08747023809523,-0.996346136363638,,
Unemployment,Unknown,RealGDP,Unknown,,,,,8.576579,-1.9771166,,,8.108541666666659,-0.9959689863636374,,
Unemployment,Unknown,RealGDP,Unknown,,,,,7.27141,-1.128198,,,7.443601190476201,-0.9969223636363652,,
Unemployment,Unknown,RealGDP,Unknown,,,,,5.6668177,-1.2621713,,,6.1464161706349225,-1.6075870639118448,,
Unemployment,Unknown,RealGDP,Unknown,,,,,6.2708907,-0.22254236,,,7.3327380952381045,-0.02397687878787878,,
Unemployment,Unknown,RealGDP,Unknown,,,,,5.8954535,-0.5211728,,,5.828556547619049,-0.314945015151515,,
Unemployment,Unknown,RealGDP,Unknown,,,,,6.034993,0.172684,,,5.867862103174605,-0.004288318181818171,,
Unemployment,Unknown,RealGDP,Unknown,,,,,4.7855916,0.46157858,,,5.913246527777784,-0.13290199999999996,,
Unemployment,Unknown,RealGDP,Unknown,,,,,4.6056333,-0.74404263,,,5.806592261904766,-0.4929611886363633,,
Unemployment,Unknown,RealGDP,Unknown,,,,,5.821381,0.012435055,,,6.040223214285727,-0.4237991363636362,,
Unemployment,Unknown,RealGDP,Unknown,,,,,7.299185,0.15162545,,,7.173869047619053,-0.2967269204545453,,
Unemployment,Unknown,RealGDP,Unknown,,,,,5.8764033,0.5444674,,,5.948998015873022,-0.06111849999999999,,
Unemployment,Unknown,RealGDP,Unknown,,,,,7.232367,0.31525657,,,7.444875000000003,0.05254186363636364,,
Unemployment,Unknown,RealGDP,Unknown,,,,,5.562023,0.04751197,,,5.849298611111115,-0.23797011742424232,,
Unemployment,Unknown,RealGDP,Unknown,,,,,5.685048,-1.3412597,,,5.715018849206351,-1.733579037878788,,
Unemployment,Unknown,RealGDP,Unknown,,,,,5.6825414,-0.000786048,,,5.700368551587302,-0.2487065227272726,,
Unemployment,Unknown,RealGDP,Unknown,,,,,5.54844,0.21537893,,,5.7159126984126996,-0.0847666893939394,,
Unemployment,Unknown,RealGDP,Unknown,,,,,5.7455473,-0.6898593,,,5.900441468253971,-0.18412818257575725,,
Unemployment,Unknown,RealGDP,Unknown,,,,,6.666618,0.30853295,,,7.0322767857142905,-0.02535727272727272,,
Unemployment,Unknown,RealGDP,Unknown,,,,,5.931567,-0.52347404,,,5.955019841269841,0.23530130681818207,,
Unemployment,Unknown,RealGDP,Unknown,,,,,7.9903603,-0.5226382,,,8.07607142857142,-0.11848649999999995,,
Unemployment,Unknown,RealGDP,Unknown,,,,,6.614791,0.06703599,,,7.319449404761914,-0.3952371818181817,,
Unemployment,Unknown,RealGDP,Unknown,,,,,6.871826,0.3089056,,,7.394404761904768,0.01798323863636364,,
Unemployment,Unknown,RealGDP,Unknown,,,,,6.621023,-0.6845203,,,7.178035714285721,-0.034328807575757556,,
Unemployment,Unknown,RealGDP,Unknown,,,,,7.704557,0.52298945,,,7.8559523809523775,0.15316324242424253,,
Unemployment,Unknown,RealGDP,Unknown,,,,,5.374065,0.3887967,,,5.711374503968256,-0.03095081818181818,,
Unemployment,Unknown,RealGDP,Unknown,,,,,5.6144185,0.21321128,,,5.867068452380959,-0.11636906818181815,,
Unemployment,Unknown,RealGDP,Unknown,,,,,6.2636747,-0.7401996,,,7.353869047619058,-0.2520207863636363,,
Unemployment,Unknown,RealGDP,Unknown,,,,,5.411091,-0.066998705,,,5.522832341269841,-0.014035833333333293,,
Unemployment,Unknown,RealGDP,Unknown,,,,,6.009483,-0.613726,,,5.8763640873015905,-0.4307639545454542,,
Unemployment,Unknown,RealGDP,Unknown,,,,,4.7855916,-0.74404263,,,5.937532242063498,-0.4929611886363633,,
Unemployment,Unknown,RealGDP,Unknown,,,,,4.983962,0.012435055,,,5.640101190476194,-0.4237991363636362,,
Unemployment,Unknown,RealGDP,Unknown,,,,,5.821381,0.15162545,,,6.040223214285727,-0.2967269204545453,,
Unemployment,Unknown,RealGDP,Unknown,,,,,6.571239,0.5444674,,,7.184275793650803,-0.06111849999999999,,
Unemployment,Unknown,RealGDP,Unknown,,,,,5.844918,-1.4172094,,,5.942410714285723,-1.0680605462121224,,
Unemployment,Unknown,RealGDP,Unknown,,,,,5.877619,-1.5254277,,,5.761734126984127,-2.2601900151515126,,
Unemployment,Unknown,RealGDP,Unknown,,,,,5.589641,-1.6211289,,,5.556929563492061,-2.373338477272724,,
Unemployment,Unknown,RealGDP,Unknown,,,,,5.653182,-1.5115736,,,5.681997519841266,-0.7388455325757579,,
Unemployment,Unknown,RealGDP,Unknown,,,,,5.9518304,-0.73211724,,,5.752142857142857,-0.06509537499999998,,
Unemployment,Unknown,RealGDP,Unknown,,,,,5.8912344,0.14184058,,,5.85016865079365,-0.06345092424242421,,
Unemployment,Unknown,RealGDP,Unknown,,,,,6.229921,-0.5226382,,,6.690967261904765,-0.11848649999999995,,
Unemployment,Unknown,RealGDP,Unknown,,,,,6.1118507,-0.625919,,,5.865362103174605,-0.8197234545454553,,
Unemployment,Unknown,RealGDP,Unknown,,,,,7.5670295,0.20538206,,,7.633005952380951,-0.16643827272727268,,
Unemployment,Unknown,RealGDP,Unknown,,,,,6.2796288,0.3919452,,,6.572852182539683,0.12589163636363643,,
Unemployment,Unknown,RealGDP,Unknown,,,,,6.7367964,0.32571453,,,7.486964285714295,-0.03602227272727272,,
Unemployment,Unknown,RealGDP,Unknown,,,,,6.527602,0.30472985,,,7.06151190476191,-0.14498171969696966,,
Unemployment,Unknown,RealGDP,Unknown,,,,,4.821098,-0.19944786,,,5.944637896825404,-0.16274326515151505,,
Unemployment,Unknown,RealGDP,Unknown,,,,,6.9002423,-0.70143974,,,7.3480357142857216,-0.4398255227272727,,
Unemployment,Unknown,RealGDP,Unknown,,,,,6.8450446,0.15381113,,,8.056488095238093,-0.23563631818181813,,
Unemployment,Unknown,RealGDP,Unknown,,,,,7.2380667,0.29091394,,,7.235431547619059,-0.05578599999999999,,
Unemployment,Unknown,RealGDP,Unknown,,,,,6.8501253,-0.8015865,,,8.074374999999998,-0.6021649537878786,,
Unemployment,Unknown,RealGDP,Unknown,,,,,5.576893,0.20669223,,,6.570175595238107,-0.07215304545454544,,
Unemployment,Unknown,RealGDP,Unknown,,,,,6.4896264,0.31764966,,,7.033928571428583,-0.27191963636363614,,
Unemployment,Unknown,RealGDP,Unknown,,,,,7.2738314,-1.7247655,,,8.013779761904761,-2.6779696227272685,,
Unemployment,Unknown,RealGDP,Unknown,,,,,7.8541656,0.1455878,,,7.995624999999992,-0.49663781818181796,,
Unemployment,Unknown,RealGDP,Unknown,,,,,6.895734,0.21654518,,,7.020560515873029,-0.06059640909090908,,
Unemployment,Unknown,RealGDP,Unknown,,,,,7.338332,0.22163306,,,7.462643849206355,-0.5606687727272724,,
Unemployment,Unknown,RealGDP,Unknown,,,,,7.180789,-0.73038024,,,8.011785714285711,-0.6459519659090909,,
Unemployment,Unknown,RealGDP,Unknown,,,,,6.957566,-0.749166,,,7.06502976190477,-0.5777400636363634,,
Unemployment,Unknown,RealGDP,Unknown,,,,,7.2407722,-0.5534307,,,8.04151785714285,0.09550735227272729,,
Unemployment,Unknown,RealGDP,Unknown,,,,,6.990028,-0.79400855,,,7.331369047619056,-0.47326874999999985,,
Unemployment,Unknown,RealGDP,Unknown,,,,,7.32154,-0.5708521,,,7.783655753968253,-0.7113955909090913,,
Unemployment,Unknown,RealGDP,Unknown,,,,,7.1889453,0.10754183,,,8.130892857142854,-0.5859175454545453,,
Unemployment,Unknown,RealGDP,Unknown,,,,,7.175731,0.23613122,,,8.109940476190474,0.13760081818181824,,
Unemployment,Unknown,RealGDP,Unknown,,,,,7.1207814,0.39835382,,,6.997574404761914,-0.03289763636363636,,
Unemployment,Unknown,RealGDP,Unknown,,,,,8.026323,0.0057687056,,,8.094732142857133,-0.23213113636363633,,
Unemployment,Unknown,RealGDP,Unknown,,,,,7.2297907,-0.7302954,,,8.127946428571427,-0.5747210007575755,,
Unemployment,Unknown,RealGDP,Unknown,,,,,6.8659506,0.21609592,,,8.016994047619049,-0.15245837878787877,,
Unemployment,Unknown,RealGDP,Unknown,,,,,6.4896264,-0.71710515,,,7.025669642857153,-0.3707627295454544,,
Unemployment,Unknown,RealGDP,Unknown,,,,,6.8378286,-1.2894039,,,8.031249999999998,-0.4630386363636363,,
Unemployment,Unknown,RealGDP,Unknown,,,,,7.117851,-1.5080496,,,7.092395833333343,-1.2993132651515162,,
Unemployment,Unknown,RealGDP,Unknown,,,,,5.7410145,-0.794848,,,6.605934523809534,-0.4602200219696967,,
Unemployment,Unknown,RealGDP,Unknown,,,,,5.431194,0.26981765,,,6.799032738095248,-0.1393871818181818,,
Unemployment,Unknown,RealGDP,Unknown,,,,,6.5600314,0.24092425,,,6.966577380952391,0.028561223484848505,,
Unemployment,Unknown,RealGDP,Unknown,,,,,7.2738314,0.052343298,,,8.013779761904761,-0.3570343863636362,,
Unemployment,Unknown,RealGDP,Unknown,,,,,6.6947665,0.21795373,,,6.950431547619056,-0.014953318181818175,,
Unemployment,Unknown,RealGDP,Unknown,,,,,6.7888246,0.12722795,,,6.92864980158731,0.019644227272727292,,
Unemployment,Unknown,RealGDP,Unknown,,,,,7.158098,-0.92544013,,,7.9624404761904755,-0.39518213181818157,,
Unemployment,Unknown,RealGDP,Unknown,,,,,6.941202,-0.29645675,,,6.996517857142867,-0.21670311363636352,,
Unemployment,Unknown,RealGDP,Unknown,,,,,7.205772,0.20122609,,,7.782261904761906,-0.1545302424242424,,
Unemployment,Unknown,RealGDP,Unknown,,,,,7.1618185,-0.49033454,,,7.406369047619056,-0.3849135568181817,,
Unemployment,Unknown,RealGDP,Unknown,,,,,7.1712103,-0.62177855,,,7.337842261904773,-0.7063241363636368,,
Unemployment,Unknown,RealGDP,Unknown,,,,,6.4881907,0.7246375,,,7.009330357142865,0.5625966818181825,,
Unemployment,Unknown,RealGDP,Unknown,,,,,8.060955,-0.05700764,,,8.100565476190468,-0.4915553636363635,,
Unemployment,Unknown,RealGDP,Unknown,,,,,7.313221,-0.8724991,,,7.469873511904768,-0.3937334439393936,,
Unemployment,Unknown,RealGDP,Unknown,,,,,5.7542143,-1.5062736,,,6.7178913690476305,-2.2272092136363613,,
Unemployment,Unknown,RealGDP,Unknown,,,,,6.9408393,-0.30051255,,,7.359880952380961,-0.33563901515151495,,
Unemployment,Unknown,RealGDP,Unknown,,,,,6.695232,-0.07411394,,,8.056845238095235,-0.18931077272727267,,
Unemployment,Unknown,RealGDP,Unknown,,,,,6.707119,0.17269251,,,7.03529761904763,0.15632036363636362,,
Unemployment,Unknown,RealGDP,Unknown,,,,,5.457676,0.024050836,,,6.580562500000009,-0.03613077272727272,,
Unemployment,Unknown,RealGDP,Unknown,,,,,6.7406054,0.20480964,,,6.937953869047628,0.0789433181818182,,
Unemployment,Unknown,RealGDP,Unknown,,,,,7.2180834,-0.0799962,,,7.967500000000002,-0.2627182840909089,,
Unemployment,Unknown,RealGDP,Unknown,,,,,7.025901,0.121674225,,,7.964136904761905,0.02926504545454546,,
Unemployment,Unknown,RealGDP,Unknown,,,,,6.6068325,-1.5272045,,,7.09860863095239,-1.8725960196969693,,
Unemployment,Unknown,RealGDP,Unknown,,,,,7.091701,0.010312724,,,6.969047619047626,-0.061379545454545444,,
Unemployment,Unknown,RealGDP,Unknown,,,,,6.9847407,0.07492486,,,7.055193452380964,-0.12275909090909089,,
Unemployment,Unknown,RealGDP,Unknown,,,,,6.813646,-2.0544918,,,6.919866071428585,-2.8176843727272676,,
Unemployment,Unknown,RealGDP,Unknown,,,,,6.875977,-0.7689153,,,7.527485119047624,-0.20856654545454537,,
Unemployment,Unknown,RealGDP,Unknown,,,,,6.6840396,0.1765286,,,6.923705357142868,0.1827218181818182,,
Unemployment,Unknown,RealGDP,Unknown,,,,,6.6840343,-0.8403008,,,7.030081845238105,-0.3642709666666662,,
Unemployment,Unknown,RealGDP,Unknown,,,,,7.089868,-0.5376175,,,8.102172619047616,0.09798485227272728,,
Unemployment,Unknown,RealGDP,Unknown,,,,,6.873837,-0.9518084,,,7.488005952380958,-0.2652394772727271,,
Unemployment,Unknown,RealGDP,Unknown,,,,,7.0519934,-0.4004984,,,7.299866071428582,-1.0039785000000017,,
Unemployment,Unknown,RealGDP,Unknown,,,,,6.7611094,0.1806361,,,7.218392857142867,0.10937204545454544,,
Unemployment,Unknown,RealGDP,Unknown,,,,,6.784665,0.21534193,,,6.9050446428571535,0.08584209090909094,,
Unemployment,Unknown,RealGDP,Unknown,,,,,6.998634,-0.20336191,,,6.99421130952382,0.1928647272727273,,
Unemployment,Unknown,RealGDP,Unknown,,,,,5.7889967,0.3008484,,,7.098831845238106,-0.11261618181818178,,
Unemployment,Unknown,RealGDP,Unknown,,,,,5.7174506,-0.27177617,,,7.153869047619057,-0.4911753409090908,,
Unemployment,Unknown,RealGDP,Unknown,,,,,5.546126,-0.18750352,,,6.384937500000008,-0.25241695454545443,,
Unemployment,Unknown,RealGDP,Unknown,,,,,6.6721196,-0.015636005,,,7.006175595238105,0.1989803636363637,,
Unemployment,Unknown,RealGDP,Unknown,,,,,6.0141835,-1.3560449,,,6.454208333333341,-0.5774036007575756,,
Unemployment,Unknown,RealGDP,Unknown,,,,,6.560805,-0.8181699,,,6.823482142857152,-0.3663883886363635,,
Unemployment,Unknown,RealGDP,Unknown,,,,,5.311977,-0.12593567,,,6.807008928571438,-0.2572273636363635,,
Unemployment,Unknown,RealGDP,Unknown,,,,,6.6528215,-0.99277335,,,6.926845238095246,-0.19967273939393926,,
Unemployment,Unknown,RealGDP,Unknown,,,,,7.174319,0.06767667,,,8.01345238095238,-0.10336490909090906,,
Unemployment,Unknown,RealGDP,Unknown,,,,,6.7057157,-1.5322839,,,7.038943452380964,-1.416851351515152,,
Unemployment,Unknown,RealGDP,Unknown,,,,,6.980799,-1.1584853,,,7.019910714285725,-2.6245028045454504,,
Unemployment,Unknown,RealGDP,Unknown,,,,,6.832938,0.106060825,,,7.180089285714293,-0.10299536363636363,,
Unemployment,Unknown,RealGDP,Unknown,,,,,6.584465,-1.5574758,,,6.770327380952391,-1.1676697553030317,,
Unemployment,Unknown,RealGDP,Unknown,,,,,6.809294,0.007190766,,,6.855104166666675,0.016519590909090918,,
Unemployment,Unknown,RealGDP,Unknown,,,,,6.8350596,-1.4223958,,,6.90626488095239,-2.448814227272724,,
Unemployment,Unknown,RealGDP,Unknown,,,,,6.8891892,-0.7689153,,,7.34375000000001,-0.20856654545454537,,
Unemployment,Unknown,RealGDP,Unknown,,,,,7.0903645,-0.50609255,,,7.381964285714295,-0.5776306090909088,,
Unemployment,Unknown,RealGDP,Unknown,,,,,7.178695,0.13287595,,,7.41564980158731,-0.4848463333333331,,
Unemployment,Unknown,RealGDP,Unknown,,,,,6.602891,-0.55868465,,,6.9176190476190556,-0.5146047386363635,,
Unemployment,Unknown,RealGDP,Unknown,,,,,5.5258207,-0.45142472,,,6.414572916666676,-1.1606778181818205,,
Unemployment,Unknown,RealGDP,Unknown,,,,,5.5297623,0.09364589,,,6.40995486111112,-0.07682373484848484,,
Unemployment,Unknown,RealGDP,Unknown,,,,,7.028897,0.3008484,,,7.12840773809525,-0.11261618181818178,,
Unemployment,Unknown,RealGDP,Unknown,,,,,5.9913836,0.041541424,,,6.232031250000008,-0.36529418181818163,,
Unemployment,Unknown,RealGDP,Unknown,,,,,6.5739045,-2.4145176,,,7.218895833333348,-2.6422891666666626,,
Unemployment,Unknown,RealGDP,Unknown,,,,,6.8874927,-0.8482947,,,6.888511904761917,-0.6119653477272725,,
Unemployment,Unknown,RealGDP,Unknown,,,,,7.091543,-1.0892367,,,6.817113095238107,-0.46196666893939375,,
Unemployment,Unknown,RealGDP,Unknown,,,,,6.8050885,-0.036188897,,,7.389375000000015,-0.07073931818181817,,
Unemployment,Unknown,RealGDP,Unknown,,,,,5.7192974,0.0088578025,,,6.335071428571437,-0.19558677272727265,,
Unemployment,Unknown,RealGDP,Unknown,,,,,6.993605,0.13629124,,,6.826551587301599,0.0888251818181818,,
Unemployment,Unknown,RealGDP,Unknown,,,,,7.006237,0.29722053,,,6.845395833333347,-0.005071454545454544,,
Unemployment,Unknown,RealGDP,Unknown,,,,,7.251809,-1.02927,,,7.390714285714296,-0.31192246893939357,,
Unemployment,Unknown,RealGDP,Unknown,,,,,7.2022386,-0.09494259,,,7.3148660714285825,-0.11376886363636361,,
Unemployment,Unknown,RealGDP,Unknown,,,,,6.842305,0.29722053,,,7.0540922619047715,0.010403954545454546,,
Unemployment,Unknown,RealGDP,Unknown,,,,,6.933532,0.22615568,,,6.945080357142867,-0.10832786363636364,,
Unemployment,Unknown,RealGDP,Unknown,,,,,6.86172,0.24072792,,,7.094553571428581,0.08427581818181817,,
Unemployment,Unknown,RealGDP,Unknown,,,,,7.007393,-0.89190924,,,6.932903273809536,0.06220877272727274,,
Unemployment,Unknown,RealGDP,Unknown,,,,,6.997112,0.23517334,,,7.143958333333347,-0.06190163636363636,,
Unemployment,Unknown,RealGDP,Unknown,,,,,6.8874927,0.1648529,,,6.921309523809538,-0.09792390909090908,,
Unemployment,Unknown,RealGDP,Unknown,,,,,6.910557,0.108475834,,,7.12233035714287,-0.005071454545454544,,
Unemployment,Unknown,RealGDP,Unknown,,,,,7.192804,0.11419076,,,7.381994047619058,0.07435677272727273,,
Unemployment,Unknown,RealGDP,Unknown,,,,,6.980346,0.25338727,,,6.836190476190488,0.010403954545454546,,
Unemployment,Unknown,RealGDP,Unknown,,,,,7.4122124,0.23116034,,,7.888124999999996,0.0,,
Unemployment,Unknown,RealGDP,Unknown,,,,,7.0969834,0.076611474,,,6.991770833333344,-0.1179486818181818,,
Unemployment,Unknown,RealGDP,Unknown,,,,,7.200585,0.119207576,,,6.970818452380962,0.006637727272727278,,
Unemployment,Unknown,RealGDP,Unknown,,,,,6.9592457,0.23412473,,,6.765209325396837,-0.05656913636363634,,
Unemployment,Unknown,RealGDP,Unknown,,,,,6.9372106,-1.0762138,,,6.869293154761915,-1.033769627272729,,
Unemployment,Unknown,RealGDP,Unknown,,,,,7.428168,0.19507489,,,7.704404761904766,0.026140409090909093,,
Unemployment,Unknown,RealGDP,Unknown,,,,,6.8904886,0.20910585,,,6.998854166666678,-0.015214363636363635,,
Unemployment,Unknown,RealGDP,Unknown,,,,,7.3372316,-1.7787391,,,7.691145833333337,-2.683252289393935,,
Unemployment,Unknown,RealGDP,Unknown,,,,,7.12608,-0.07258347,,,7.474136904761912,-0.038744318181818165,,
Unemployment,Unknown,RealGDP,Unknown,,,,,6.1306195,0.18701084,,,6.990500992063506,0.000261045454545457,,
Unemployment,Unknown,RealGDP,Unknown,,,,,5.752623,0.14801306,,,6.121113095238102,0.005593545454545461,,
Unemployment,Unknown,RealGDP,Unknown,,,,,6.214788,-0.040302336,,,6.8917113095238225,-0.05149768181818182,,
Unemployment,Unknown,RealGDP,Unknown,,,,,6.898642,0.056964133,,,6.985894841269854,-0.22068299999999985,,
Unemployment,Unknown,RealGDP,Unknown,,,,,6.5753403,0.21026807,,,7.186544642857157,-0.00454936363636363,,
Unemployment,Unknown,RealGDP,Unknown,,,,,6.8874927,0.21547855,,,6.888511904761917,-0.13901763636363634,,
Unemployment,Unknown,RealGDP,Unknown,,,,,7.1657953,0.17999059,,,7.4767261904761995,-0.07734582575757573,,
Unemployment,Unknown,RealGDP,Unknown,,,,,6.8050885,-1.0149391,,,7.38741071428573,-0.2955142045454544,,
Unemployment,Unknown,RealGDP,Unknown,,,,,5.5735984,-0.042165328,,,6.491994047619057,-0.3510674545454542,,
Unemployment,Unknown,RealGDP,Unknown,,,,,6.92465,-0.88744617,,,6.995470238095251,-1.1677388431818208,,
Unemployment,Unknown,RealGDP,Unknown,,,,,7.006237,-0.48028037,,,6.845395833333347,-0.7293974090909096,,
Unemployment,Unknown,RealGDP,Unknown,,,,,7.251809,-1.02927,,,7.390714285714296,-0.1776295219696967,,
Unemployment,Unknown,RealGDP,Unknown,,,,,7.2022386,-0.09494259,,,7.3148660714285825,-0.18100299999999991,,
Unemployment,Unknown,RealGDP,Unknown,,,,,6.842305,-1.8056467,,,7.0540922619047715,-1.9524832704545438,,
Unemployment,Unknown,RealGDP,Unknown,,,,,6.4398375,0.008868006,,,6.592844387755111,-0.32526620833333325,,
Unemployment,Unknown,RealGDP,Unknown,,,,,7.2005444,0.24072792,,,7.152596726190488,0.08427581818181817,,
Unemployment,Unknown,RealGDP,Unknown,,,,,7.192804,-1.061107,,,7.381994047619058,-0.29505759090909073,,
Unemployment,Unknown,RealGDP,Unknown,,,,,6.891481,-1.7218418,,,6.873794642857153,-1.3262425250000012,,
Unemployment,Unknown,RealGDP,Unknown,,,,,7.3964705,0.12831001,,,7.858035714285711,-0.0011636818181817972,,
Unemployment,Unknown,RealGDP,Unknown,,,,,7.3242655,0.20856573,,,7.659985119047621,0.000522090909090914,,
Unemployment,Unknown,RealGDP,Unknown,,,,,7.2824645,-1.1375024,,,7.4922619047619134,-0.46236443484848455,,
Unemployment,Unknown,RealGDP,Unknown,,,,,6.8462467,-0.19410543,,,6.880520833333344,-0.06810160227272724,,
Unemployment,Unknown,RealGDP,Unknown,,,,,6.9365997,0.2822817,,,6.845602678571439,0.037327500000000007,,
Unemployment,Unknown,RealGDP,Unknown,,,,,7.347461,0.17976677,,,7.5149404761904846,-0.346340931060606,,
Unemployment,Unknown,RealGDP,Unknown,,,,,7.7907033,-1.0740038,,,7.82645833333333,-0.5206216818181816,,
Unemployment,Unknown,RealGDP,Unknown,,,,,6.011729,-1.016022,,,6.995421626984136,-0.35436826515151465,,
Unemployment,Unknown,RealGDP,Unknown,,,,,6.214788,-1.8527143,,,6.892157738095251,-2.7246070621212075,,
Unemployment,Unknown,RealGDP,Unknown,,,,,6.863656,-2.49588,,,7.113511904761919,-2.050310856709955,,
Unemployment,Unknown,RealGDP,Unknown,,,,,6.5739045,0.21233188,,,7.218895833333348,-0.1440890909090909,,
Unemployment,Unknown,RealGDP,Unknown,,,,,7.288206,-1.3428475,,,7.522619047619053,-0.8733259348484858,,
Unemployment,Unknown,RealGDP,Unknown,,,,,7.2974176,-1.2681093,,,7.867351190476186,-0.7326982992424245,,
Unemployment,Unknown,RealGDP,Unknown,,,,,6.8050885,0.17999059,,,7.38741071428573,-0.07734582575757573,,
Unemployment,Unknown,RealGDP,Unknown,,,,,5.5735984,-1.0149391,,,6.491994047619057,-0.2955142045454544,,
Unemployment,Unknown,RealGDP,Unknown,,,,,6.92465,-0.9796224,,,6.995470238095251,-0.09723140909090906,,
Unemployment,Unknown,RealGDP,Unknown,,,,,7.006237,-0.96645004,,,6.845395833333347,-1.7015768909090918,,
Unemployment,Unknown,RealGDP,Unknown,,,,,7.193609,-0.9276199,,,7.136830357142869,-0.37876057575757555,,
Unemployment,Unknown,RealGDP,Unknown,,,,,6.8443103,-1.02927,,,7.075178571428582,-0.22361937803030268,,
Unemployment,Unknown,RealGDP,Unknown,,,,,6.4398375,-0.14304121,,,6.61156462585035,-0.1959563181818181,,
Unemployment,Unknown,RealGDP,Unknown,,,,,6.7447314,-1.8796219,,,6.804122023809531,-2.023146312878786,,
Unemployment,Unknown,RealGDP,Unknown,,,,,7.192804,-1.8706651,,,7.381994047619058,-1.7251102674242424,,
Unemployment,Unknown,RealGDP,Unknown,,,,,6.7620897,0.24072792,,,6.9795386904762,0.08427581818181817,,
Unemployment,Unknown,RealGDP,Unknown,,,,,7.5304594,-1.7218418,,,7.882410714285711,-1.3262425250000012,,
Unemployment,Unknown,RealGDP,Unknown,,,,,6.9619513,-1.8193678,,,7.548869047619054,-2.6504526681818144,,
Unemployment,Unknown,RealGDP,Unknown,,,,,6.842305,-1.3293484,,,6.828110119047628,-0.7220555409090914,,
Unemployment,Unknown,RealGDP,Unknown,,,,,6.817396,-0.19410543,,,6.558998015873025,-0.06810160227272724,,
Unemployment,Unknown,RealGDP,Unknown,,,,,7.4106355,-0.9120265,,,7.8680357142857105,-0.3172350909090907,,
Unemployment,Unknown,RealGDP,Unknown,,,,,6.011729,0.36483762,,,6.995421626984136,0.15709570909090922,,
Unemployment,Unknown,RealGDP,Unknown,,,,,6.214788,-1.0821655,,,6.892157738095251,-0.5595796287878785,,
Unemployment,Unknown,RealGDP,Unknown,,,,,7.3112063,-1.8527143,,,6.796963789682553,-2.7246070621212075,,
Unemployment,Unknown,RealGDP,Unknown,,,,,6.202707,-0.853393,,,6.314977678571436,0.09744166195887449,,
Unemployment,Unknown,RealGDP,Unknown,,,,,7.0036626,-0.87816805,,,6.576557539682548,0.021199242424242433,,
Unemployment,Unknown,RealGDP,Unknown,,,,,6.7542806,-1.3428475,,,6.930796130952393,-0.8733259348484858,,
Unemployment,Unknown,RealGDP,Unknown,,,,,5.853399,-1.2329131,,,6.182500000000008,-0.6746655151515153,,
Unemployment,Unknown,RealGDP,Unknown,,,,,6.949376,0.17999059,,,6.685714285714296,-0.07734582575757573,,
Unemployment,Unknown,RealGDP,Unknown,,,,,7.1427407,-1.4065442,,,6.8298363095238175,-0.6344402045454544,,
Unemployment,Unknown,RealGDP,Unknown,,,,,6.9838934,-0.13513106,,,6.933298115079378,-0.1374513636363636,,
Unemployment,Unknown,RealGDP,Unknown,,,,,7.018899,-0.12447229,,,6.9164384920635005,-0.07178349999999999,,
Unemployment,Unknown,RealGDP,Unknown,,,,,7.0966663,-0.036832713,,,6.6666170634920725,-0.04616518181818182,,
Unemployment,Unknown,RealGDP,Unknown,,,,,7.067861,-0.6247338,,,6.928670634920643,-0.5006094999999997,,
Unemployment,Unknown,RealGDP,Unknown,,,,,7.1270666,-0.19510691,,,6.8038190901360664,-0.11696436363636362,,
Unemployment,Unknown,RealGDP,Unknown,,,,,7.4005737,0.11932584,,,6.903898809523826,0.023671499999999998,,
Unemployment,Unknown,RealGDP,Unknown,,,,,7.0936337,0.6283073,,,6.765356150793662,0.20619597727272734,,
Unemployment,Unknown,RealGDP,Unknown,,,,,7.5913315,-0.06491164,,,7.044218750000011,0.17109368939393946,,
Unemployment,Unknown,RealGDP,Unknown,,,,,7.4483204,0.015215691,,,7.116651785714296,-0.03602227272727273,,
Unemployment,Unknown,RealGDP,Unknown,,,,,7.3879094,-0.010058868,,,6.644015873015885,-0.14942159090909088,,
Unemployment,Unknown,RealGDP,Unknown,,,,,7.758985,-0.0022058757,,,7.819851190476189,0.005332500000000003,,
Unemployment,Unknown,RealGDP,Unknown,,,,,7.701043,0.09121637,,,7.491488095238102,0.022476806818181837,,
Unemployment,Unknown,RealGDP,Unknown,,,,,7.6695657,0.34392798,,,7.567202380952385,0.0,,
Unemployment,Unknown,RealGDP,Unknown,,,,,7.3722763,0.011202705,,,6.63339384920636,0.020807909090909092,,
Unemployment,Unknown,RealGDP,Unknown,,,,,7.1252117,-0.06314507,,,6.763328373015887,-0.010142909090909088,,
Unemployment,Unknown,RealGDP,Unknown,,,,,7.7968225,0.36636308,,,7.668333333333337,0.0769965,,
Unemployment,Unknown,RealGDP,Unknown,,,,,7.0523877,0.009089226,,,6.799920634920649,0.00637668181818184,,
Unemployment,Unknown,RealGDP,Unknown,,,,,7.5669365,0.07075485,,,7.783571428571429,-0.4750467727272724,,
Unemployment,Unknown,RealGDP,Unknown,,,,,6.7736526,-0.20685917,,,6.805892857142868,0.05201977272727273,,
Unemployment,Unknown,RealGDP,Unknown,,,,,6.2499332,-0.035135426,,,6.334518353174611,0.005332500000000003,,
Unemployment,Unknown,RealGDP,Unknown,,,,,6.738126,-0.07611886,,,6.780367063492077,0.1732611590909091,,
Unemployment,Unknown,RealGDP,Unknown,,,,,6.296156,0.6926007,,,5.989973214285722,0.11454612499999998,,
Unemployment,Unknown,RealGDP,Unknown,,,,,7.416506,0.12842228,,,7.138244047619061,-0.14942159090909088,,
Unemployment,Unknown,RealGDP,Unknown,,,,,6.043648,0.04858496,,,5.842386904761909,-0.03095081818181818,,
Unemployment,Unknown,RealGDP,Unknown,,,,,6.638968,-1.2942461,,,6.603164682539689,-0.572721636363636,,
Unemployment,Unknown,RealGDP,Unknown,,,,,6.7542806,-0.03139895,,,6.960111607142869,-0.025618318181818176,,
Unemployment,Unknown,RealGDP,Unknown,,,,,5.7203746,0.05140315,,,6.345625000000008,-0.09740181818181816,,
Unemployment,Unknown,RealGDP,Unknown,,,,,6.960902,0.21655393,,,6.735169642857154,0.0450015,,
Unemployment,Unknown,RealGDP,Unknown,,,,,7.108121,-0.19529125,,,6.746979166666674,-0.2561831818181817,,
Unemployment,Unknown,RealGDP,Unknown,,,,,7.6425962,-1.1380146,,,7.452777777777785,-0.6650097954545454,,
Unemployment,Unknown,RealGDP,Unknown,,,,,7.072592,-0.1478841,,,6.8877991071428655,-0.17854509090909088,,
Unemployment,Unknown,RealGDP,Unknown,,,,,7.10105,-0.93623143,,,6.637926587301597,-0.9609441484848499,,
Unemployment,Unknown,RealGDP,Unknown,,,,,7.729295,-1.1068274,,,7.815089285714284,-0.5185992586088151,,
Unemployment,Unknown,RealGDP,Unknown,,,,,7.735931,-0.19510691,,,7.583675595238102,-0.16365163636363633,,
Unemployment,Unknown,RealGDP,Unknown,,,,,7.626907,-1.1380146,,,7.074226190476201,-0.7496957136363641,,
Unemployment,Unknown,RealGDP,Unknown,,,,,7.4038844,-2.075882,,,6.674652777777787,-2.6258321363636323,,
Unemployment,Unknown,RealGDP,Unknown,,,,,7.8025227,-2.046649,,,7.839851190476187,-2.734421045454541,,
Unemployment,Unknown,RealGDP,Unknown,,,,,7.5246725,-1.9784368,,,7.20967261904763,-1.604280595454546,,
Unemployment,Unknown,RealGDP,Unknown,,,,,7.6695657,-0.031545095,,,7.555586309523814,-0.44232316666666643,,
Unemployment,Unknown,RealGDP,Unknown,,,,,7.3704214,-0.17702502,,,6.630834325396835,-0.023529954545454524,,
Unemployment,Unknown,RealGDP,Unknown,,,,,7.6534367,0.5454636,,,7.430491071428581,0.10001227272727271,,
Unemployment,Unknown,RealGDP,Unknown,,,,,6.6622434,-0.3767987,,,6.825372023809534,-0.3843348409090907,,
Unemployment,Unknown,RealGDP,Unknown,,,,,6.7621226,0.43444306,,,6.781795634920648,0.258935181818182,,
Unemployment,Unknown,RealGDP,Unknown,,,,,6.4155116,0.36768204,,,5.799937500000003,-0.4928284992424239,,
Unemployment,Unknown,RealGDP,Unknown,,,,,7.267118,-0.2922057,,,6.835312500000013,0.16213777272727278,,
Unemployment,Unknown,RealGDP,Unknown,,,,,6.043648,-0.011808887,,,5.855005952380958,-0.030689772727272725,,
Unemployment,Unknown,RealGDP,Unknown,,,,,6.638968,-1.9876044,,,6.603164682539689,-2.8985995909090856,,
Unemployment,Unknown,RealGDP,Unknown,,,,,6.7542806,-1.8258022,,,6.960111607142869,-2.6167415454545417,,
Unemployment,Unknown,RealGDP,Unknown,,,,,5.7203746,0.13726383,,,6.345625000000008,-0.10077336363636362,,
Unemployment,Unknown,RealGDP,Unknown,,,,,6.960902,0.087507084,,,6.735169642857154,-0.00974031818181814,,
Unemployment,Unknown,RealGDP,Unknown,,,,,7.108121,0.17527308,,,6.746979166666674,0.07140295454545453,,
Unemployment,Unknown,RealGDP,Unknown,,,,,7.6425962,-0.73139906,,,7.452777777777785,-0.48958862727272706,,
Unemployment,Unknown,RealGDP,Unknown,,,,,7.072592,-1.149829,,,6.859534226190485,-0.717990613636364,,
Unemployment,Unknown,RealGDP,Unknown,,,,,7.103321,-0.12540981,,,6.793417658730168,-0.5392899090909086,,
Unemployment,Unknown,RealGDP,Unknown,,,,,7.735931,0.049592152,,,7.567872023809532,-0.5855345863636361,,
Unemployment,Unknown,RealGDP,Unknown,,,,,7.626907,-1.1068274,,,7.074226190476201,-0.5954429101239663,,
Unemployment,Unknown,RealGDP,Unknown,,,,,7.1613913,-0.1873536,,,6.688348214285722,-0.7862297272727278,,
Unemployment,Unknown,RealGDP,Unknown,,,,,7.602072,-1.1380146,,,7.824553571428568,-0.7496957136363641,,
Unemployment,Unknown,RealGDP,Unknown,,,,,7.798371,-1.2523823,,,7.730059523809525,-0.5486570459956704,,
Unemployment,Unknown,RealGDP,Unknown,,,,,7.233484,-2.046649,,,6.677148809523819,-2.734421045454541,,
Unemployment,Unknown,RealGDP,Unknown,,,,,7.828375,-1.9784368,,,7.81392857142857,-1.604280595454546,,
Unemployment,Unknown,RealGDP,Unknown,,,,,6.6326156,-0.068875566,,,6.857395833333344,-0.1864069924242422,,
Unemployment,Unknown,RealGDP,Unknown,,,,,6.738126,-0.850008,,,6.772807539682552,-0.9950028939393953,,
,,RealGDP,Unknown,,,,,,-0.3767987,,,,-0.3843348409090907,,
,,RealGDP,Unknown,,,,,,0.17925633,,,,-0.542251786363636,,
,,RealGDP,Unknown,,,,,,0.6298492,,,,-0.18866719999999976,,
,,RealGDP,Unknown,,,,,,-0.25096303,,,,-0.9775391818181836,,
,,RealGDP,Unknown,,,,,,-1.9876044,,,,-2.8985995909090856,,
,,RealGDP,Unknown,,,,,,-0.122081935,,,,-0.2556282136363634,,
,,RealGDP,Unknown,,,,,,0.087507084,,,,-0.00974031818181814,,
,,RealGDP,Unknown,,,,,,0.13939093,,,,0.05592754545454548,,
,,RealGDP,Unknown,,,,,,-0.18298191,,,,-0.42127774090909054,,
