DATE,GDPC1_PCH,GNP_PCH,GNPC96_PCH,CPILFESL,PCEPILFE,JHDUSRGDPBR,UNRATE,banana,beef,bread,chicken,coffee,eggs,electricity,flour,rice,unleadedGasoline
1947-04-01,-0.26669,1.19643,-0.23978,,,,,,,,,,,,,,
1947-07-01,-0.2065,1.4785700000000002,-0.20822,,,,,,,,,,,,,,
1947-10-01,1.56421,4.09427,1.58636,,,,,,,,,,,,,,
1948-01-01,1.50426,2.35726,1.54854,,,,3.733333333333333,,,,,,,,,,
1948-04-01,1.6506599999999998,2.58785,1.67265,,,,3.6666666666666665,,,,,,,,,,
1948-07-01,0.5729,2.4204,0.5728,,,,3.7666666666666666,,,,,,,,,,
1948-10-01,0.11174,0.41257,0.11068,,,,3.8333333333333326,,,,,,,,,,
1949-01-01,-1.37795,-1.92203,-1.3965299999999998,,,,4.666666666666666,,,,,,,,,,
1949-04-01,-0.3411,-1.35301,-0.3564,,,,5.866666666666666,,,,,,,,,,
1949-07-01,1.03242,0.5434899999999999,1.00881,,,,6.7,,,,,,,,,,
1949-10-01,-0.8392799999999999,-0.8761200000000001,-0.8861700000000001,,,,6.966666666666667,,,,,,,,,,
1950-01-01,3.93012,3.78864,3.94379,,,,6.4,,,,,,,,,,
1950-04-01,3.04984,3.41882,3.0654,,,,5.566666666666666,,,,,,,,,,
1950-07-01,3.86439,6.19166,3.94262,,,,4.633333333333333,,,,,,,,,,
1950-10-01,1.91476,3.80746,1.90127,,,,4.2333333333333325,,,,,,,,,,
1951-01-01,1.35816,4.97055,1.3251,,,,3.5,,,,,,,,,,
1951-04-01,1.7327400000000002,2.49928,1.82076,,,,3.1,,,,,,,,,,
1951-07-01,2.06098,2.14121,2.07501,,,,3.166666666666667,,,,,,,,,,
1951-10-01,0.22024,1.40047,0.25598,,,,3.3666666666666667,,,,,,,,,,
1952-01-01,1.06855,0.97424,1.02226,,,,3.066666666666667,,,,,,,,,,
1952-04-01,0.21539,0.33939,0.21768,,,,2.966666666666667,,,,,,,,,,
1952-07-01,0.72187,1.8273,0.70585,,,,3.2333333333333334,,,,,,,,,,
1952-10-01,3.2842,3.53492,3.25208,,,,2.833333333333333,,,,,,,,,,
1953-01-01,1.85885,1.86466,1.83809,,,,2.7,,,,,,,,,,
1953-04-01,0.77298,1.0036200000000002,0.80362,,,,2.566666666666667,,,,,,,,,,
1953-07-01,-0.5626899999999999,-0.20848,-0.62373,,,,2.7333333333333334,,,,,,,,,,
1953-10-01,-1.51398,-1.31864,-1.50399,,,,3.7,,,,,,,,,,
1954-01-01,-0.47801,-0.11681,-0.43244,,,,5.266666666666667,,,,,,,,,,
1954-04-01,0.10899,0.19982,0.10522,,,,5.8,,,,,,,,,,
1954-07-01,1.12936,1.26636,1.13044,,,,5.966666666666667,,,,,,,,,,
1954-10-01,1.95668,2.30082,2.01983,,,,5.333333333333333,,,,,,,,,,
1955-01-01,2.85625,3.33742,2.85175,,,,4.7333333333333325,,,,,,,,,,
1955-04-01,1.6271799999999998,2.02986,1.6059,,,,4.4,,,,,,,,,,
1955-07-01,1.35048,2.0611900000000003,1.34879,,,,4.1,,,,,,,,,,
1955-10-01,0.60032,1.60654,0.61065,,,,4.2333333333333325,,,,,,,,,,
1956-01-01,-0.38841,0.6774,-0.3159099999999999,,,,4.033333333333333,,,,,,,,,,
1956-04-01,0.8263299999999999,1.41235,0.81342,,,,4.2,,,,,,,,,,
1956-07-01,-0.08983,1.1756799999999998,-0.07292,,,,4.133333333333333,,,,,,,,,,
1956-10-01,1.64593,1.95937,1.54873,,,,4.133333333333333,,,,,,,,,,
1957-01-01,0.64039,2.12538,0.7452,28.6,,,3.9333333333333327,,,,,,,,,,
1957-04-01,-0.2191,0.53461,-0.16372,28.833333333333332,,,4.1,,,,,,,,,,
1957-07-01,0.97988,1.5421,0.9397,29.03333333333333,,,4.2333333333333325,,,,,,,,,,
1957-10-01,-1.03459,-1.10312,-1.17635,29.266666666666666,,,4.933333333333333,,,,,,,,,,
1958-01-01,-2.59585,-1.51404,-2.56552,29.4,,,6.3,,,,,,,,,,
1958-04-01,0.65737,0.95753,0.6633899999999999,29.53333333333333,,,7.366666666666665,,,,,,,,,,
1958-07-01,2.31385,2.90179,2.27809,29.633333333333333,,,7.333333333333333,,,,,,,,,,
1958-10-01,2.33931,2.80359,2.31861,29.8,,,6.366666666666666,,,,,,,,,,
1959-01-01,1.9213,2.14542,1.90626,29.933333333333334,16.742,,5.833333333333333,,,,,,,,,,
1959-04-01,2.25642,2.40587,2.24349,30.1,16.831333333333333,,5.1,,,,,,,,,,
1959-07-01,0.0712,0.49709,0.11285,30.23333333333333,16.944,,5.266666666666667,,,,,,,,,,
1959-10-01,0.28504,0.71344,0.32008,30.433333333333334,17.04133333333333,,5.6,,,,,,,,,,
1960-01-01,2.2473,2.62306,2.20939,30.566666666666663,17.095,,5.133333333333333,,,,,,,,,,
1960-04-01,-0.5393899999999999,-0.27329,-0.52251,30.633333333333333,17.16,,5.2333333333333325,,,,,,,,,,
1960-07-01,0.48927,0.8609,0.51268,30.6,17.227,,5.533333333333333,,,,,,,,,,
1960-10-01,-1.2834299999999998,-0.95031,-1.23954,30.766666666666666,17.283666666666665,,6.266666666666667,,,,,,,,,,
1961-01-01,0.67503,0.92742,0.70994,30.833333333333332,17.313,,6.8,,,,,,,,,,
1961-04-01,1.69748,1.88682,1.6488900000000002,30.933333333333334,17.37,,7.0,,,,,,,,,,
1961-07-01,1.91964,2.18644,1.9218,31.066666666666663,17.445666666666668,,6.766666666666667,,,,,,,,,,
1961-10-01,1.96111,2.28357,1.96306,31.166666666666664,17.487666666666666,,6.2,,,,,,,,,,
1962-01-01,1.7836,2.29456,1.76709,31.23333333333333,17.552,,5.633333333333333,,,,,,,,,,
1962-04-01,0.90367,1.12849,0.96138,31.366666666666664,17.619666666666667,,5.533333333333333,,,,,,,,,,
1962-07-01,1.22851,1.44285,1.2268,31.466666666666665,17.677666666666667,,5.566666666666666,,,,,,,,,,
1962-10-01,0.32886,0.64135,0.43185,31.53333333333333,17.710666666666665,,5.533333333333333,,,,,,,,,,
1963-01-01,1.09161,1.48604,1.04466,31.6,17.769666666666666,,5.766666666666667,,,,,,,,,,
1963-04-01,1.12212,1.26322,1.0852700000000002,31.73333333333333,17.836666666666666,,5.7333333333333325,,,,,,,,,,
1963-07-01,2.19843,2.33295,2.19613,31.866666666666664,17.90533333333333,,5.5,,,,,,,,,,
1963-10-01,0.6556,1.49195,0.67408,32.03333333333333,17.991666666666667,,5.566666666666666,,,,,,,,,,
1964-01-01,2.10828,2.4776700000000003,2.15888,32.2,18.067666666666664,,5.466666666666667,,,,,,,,,,
1964-04-01,1.0887,1.28452,1.04926,32.233333333333334,18.122,,5.2,,,,,,,,,,
1964-07-01,1.5623,1.97938,1.57343,32.3,18.172,,5.0,,,,,,,,,,
1964-10-01,0.30889,0.70838,0.25258,32.46666666666666,18.218,,4.966666666666667,,,,,,,,,,
1965-01-01,2.41977,3.02101,2.4992,32.6,18.286666666666665,,4.9,,,,,,,,,,
1965-04-01,1.26327,1.7431599999999998,1.27898,32.7,18.344,,4.666666666666666,,,,,,,,,,
1965-07-01,2.22327,2.54732,2.14961,32.733333333333334,18.400666666666663,,4.366666666666666,,,,,,,,,,
1965-10-01,2.30404,2.92456,2.22148,32.9,18.462,,4.1,,,,,,,,,,
1966-01-01,2.43423,3.10155,2.44065,33.06666666666666,18.554333333333332,,3.8666666666666663,,,,,,,,,,
1966-04-01,0.34162,1.16156,0.3405,33.4,18.704666666666665,,3.8333333333333326,,,,,,,,,,
1966-07-01,0.84691,1.7989400000000002,0.8264299999999999,33.7,18.859333333333332,,3.7666666666666666,,,,,,,,,,
1966-10-01,0.82037,1.6929299999999998,0.84391,34.03333333333333,19.022333333333332,,3.7,,,,,,,,,,
1967-01-01,0.88559,1.29102,0.8715299999999999,34.233333333333334,19.127333333333333,,3.8333333333333326,,,,,,,,,,
1967-04-01,0.06127,0.55004,0.0425399999999999,34.5,19.255333333333333,,3.8333333333333326,,,,,,,,,,
1967-07-01,0.94613,1.97398,1.0056200000000002,34.86666666666667,19.430333333333333,,3.8,,,,,,,,,,
1967-10-01,0.75402,1.84873,0.72888,35.233333333333334,19.62633333333333,0.0,3.9,,,,,,,,,,
1968-01-01,2.03949,3.17703,2.04292,35.666666666666664,19.849666666666664,0.0,3.733333333333333,,,,,,,,,,
1968-04-01,1.67081,2.74693,1.67323,36.03333333333333,20.080666666666666,0.0,3.566666666666667,,,,,,,,,,
1968-07-01,0.7749699999999999,1.7794599999999998,0.78996,36.53333333333333,20.305333333333333,0.0,3.533333333333333,,,,,,,,,,
1968-10-01,0.3933,1.79965,0.38549,37.06666666666666,20.54133333333333,0.0,3.4,,,,,,,,,,
1969-01-01,1.56511,2.60392,1.5572700000000002,37.56666666666666,20.766,0.0,3.4,,,,,,,,,,
1969-04-01,0.30401,1.55151,0.27703,38.166666666666664,21.014666666666663,1.0,3.433333333333333,,,,,,,,,,
1969-07-01,0.66051,2.04131,0.6271100000000001,38.7,21.25733333333333,1.0,3.566666666666667,,,,,,,,,,
1969-10-01,-0.4876899999999999,0.79737,-0.48502,39.23333333333333,21.50633333333333,1.0,3.566666666666667,,,,,,,,,,
1970-01-01,-0.14848,1.27595,-0.13111,39.83333333333333,21.741333333333333,1.0,4.166666666666666,,,,,,,,,,
1970-04-01,0.14192,1.56267,0.16267,40.56666666666666,21.987,1.0,4.766666666666667,,,,,,,,,,
1970-07-01,0.92158,1.7347099999999998,0.90613,41.1,22.231333333333332,1.0,5.166666666666666,,,,,,,,,,
1970-10-01,-1.07164,0.1857,-1.11946,41.766666666666666,22.543666666666663,1.0,5.833333333333333,,,,,,,,,,
1971-01-01,2.71599,4.37556,2.81043,42.166666666666664,22.82933333333333,0.0,5.933333333333333,,,,,,,,,,
1971-04-01,0.5411100000000001,1.89713,0.57527,42.6,23.089666666666663,0.0,5.9,,,,,,,,,,
1971-07-01,0.8229799999999999,1.77703,0.74763,42.96666666666666,23.307333333333332,0.0,6.033333333333333,,,,,,,,,,
1971-10-01,0.23578,1.1047,0.26945,43.2,23.44033333333333,0.0,5.933333333333333,,,,,,,,,,
1972-01-01,1.83895,3.4021800000000004,1.85607,43.56666666666666,23.665,0.0,5.766666666666667,,,,,,,,,,
1972-04-01,2.26976,2.88194,2.24311,43.9,23.825,0.0,5.7,,,,,,,,,,
1972-07-01,0.94439,1.96158,0.99442,44.23333333333333,24.00433333333333,0.0,5.566666666666666,,,,,,,,,,
1972-10-01,1.6744599999999998,2.95825,1.65815,44.46666666666666,24.155,0.0,5.366666666666666,,,,,,,,,,
1973-01-01,2.47481,3.75454,2.56677,44.8,24.32333333333333,0.0,4.933333333333333,,,,,,,,,,
1973-04-01,1.08865,2.69083,1.13325,45.266666666666666,24.654666666666664,0.0,4.933333333333333,,,,,,,,,,
1973-07-01,-0.5259,1.55747,-0.38143,45.73333333333333,24.982333333333333,0.0,4.8,,,,,,,,,,
1973-10-01,0.94923,2.96163,0.94697,46.5,25.33,1.0,4.766666666666667,,,,,,,,,,
1974-01-01,-0.85977,1.18644,-0.67901,47.23333333333333,25.765,1.0,5.133333333333333,,,,,,,,,,
1974-04-01,0.23768,2.53117,0.17193,48.46666666666666,26.405,1.0,5.2,,,,,,,,,,
1974-07-01,-0.94513,1.86556,-1.03485,50.133333333333326,27.16,1.0,5.633333333333333,,,,,,,,,,
1974-10-01,-0.38814,2.39414,-0.52569,51.6,27.823,1.0,6.6,,,,,,,,,,
1975-01-01,-1.2173,0.89856,-1.34916,52.7,28.36733333333333,1.0,8.266666666666666,,,,,,,,,,
1975-04-01,0.71454,2.21178,0.71487,53.53333333333333,28.799,0.0,8.866666666666665,,,,,,,,,,
1975-07-01,1.71166,3.56529,1.76027,54.23333333333333,29.231666666666666,0.0,8.466666666666665,,,,,,,,,,
1975-10-01,1.34651,3.19123,1.48987,55.166666666666664,29.707666666666665,0.0,8.3,,,,,,,,,,
1976-01-01,2.24876,3.2869900000000003,2.19999,56.2,30.159333333333333,0.0,7.7333333333333325,,,,,,,,,,
1976-04-01,0.7337,1.78322,0.76256,56.96666666666666,30.520666666666664,0.0,7.5666666666666655,,,,,,,,,,
1976-07-01,0.54872,1.85663,0.55293,57.9,30.998666666666665,0.0,7.7333333333333325,,,,,,,,,,
1976-10-01,0.72485,2.54628,0.74068,58.7,31.484,0.0,7.766666666666666,,,,,,,,,,
1977-01-01,1.18149,2.93333,1.30525,59.666666666666664,32.013333333333335,0.0,7.5,,,,,,,,,,
1977-04-01,1.94411,3.3465,1.90186,60.633333333333326,32.50333333333333,0.0,7.133333333333333,,,,,,,,,,
1977-07-01,1.80435,3.01927,1.7755599999999998,61.5,33.04366666666667,0.0,6.9,,,,,,,,,,
1977-10-01,0.0021899999999999,2.04178,-0.11023,62.33333333333333,33.524,0.0,6.666666666666666,,,,,,,,,,
1978-01-01,0.31918,1.9154,0.4564,63.43333333333333,34.047,0.0,6.333333333333333,,,,,,,,,,
1978-04-01,3.86425,5.64213,3.65338,64.73333333333333,34.63433333333333,0.0,6.0,,,,,,,,,,
1978-07-01,1.00552,2.78938,1.07318,66.13333333333333,35.22833333333333,0.0,6.033333333333333,,,,,,,,,,
1978-10-01,1.34415,3.54301,1.46494,67.6,35.86066666666667,0.0,5.9,,,,,,,,,,
1979-01-01,0.17978,2.02875,0.2028299999999999,69.16666666666666,36.35133333333333,0.0,5.866666666666666,,,,,,,,,,
1979-04-01,0.10693,2.68026,0.2307199999999999,70.8,37.15,1.0,5.7,,,,,,,,,,
1979-07-01,0.74287,3.16561,0.95944,72.63333333333333,37.83566666666666,1.0,5.866666666666666,,,,,,,,,,
1979-10-01,0.2500699999999999,2.09797,0.23663,74.83333333333333,38.62533333333333,1.0,5.966666666666667,,,,,,,,,,
1980-01-01,0.3145199999999999,2.4435,0.33507,77.6,39.57,1.0,6.3,0.3396666666666666,,0.5033333333333333,0.6756666666666667,3.238,0.8216666666666667,0.05466666666666667,0.20633333333333334,0.48699999999999993,1.1966666666666665
1980-04-01,-2.06048,0.18855,-2.1367700000000003,80.2,40.455,1.0,7.333333333333333,0.35266666666666663,,0.5046666666666667,0.6353333333333334,3.1966666666666668,0.755,0.059,0.20766666666666667,0.5139999999999999,1.2663333333333335
1980-07-01,-0.11885,2.03779,-0.1923,81.4,41.355666666666664,0.0,7.666666666666665,0.334,,0.5096666666666666,0.7506666666666666,3.207333333333333,0.8603333333333333,0.06433333333333334,0.21433333333333335,0.5193333333333333,1.265
1980-10-01,1.86493,4.26117,1.61283,83.93333333333332,42.36366666666667,0.0,7.4,0.341,,0.5173333333333333,0.7726666666666667,2.9279999999999995,0.9383333333333334,0.062,0.21133333333333335,0.5260000000000001,1.2526666666666666
1981-01-01,1.95944,4.69549,2.00545,85.9,43.303,0.0,7.433333333333333,0.36200000000000004,,0.534,0.7543333333333333,2.6430000000000002,0.914,0.064,0.221,0.5559999999999999,1.3656666666666666
1981-04-01,-0.7410800000000001,1.17049,-0.79276,87.8,44.121333333333325,1.0,7.4,0.375,,0.5223333333333334,0.719,2.5389999999999997,0.864,0.068,0.22666666666666668,0.573,1.4009999999999998
1981-07-01,1.19752,3.15604,1.24653,90.76666666666665,44.934,1.0,7.4,0.3499999999999999,,0.5213333333333333,0.749,2.488,0.8809999999999999,0.074,0.22766666666666668,0.5726666666666665,1.3780000000000001
1981-10-01,-1.08955,0.76349,-0.95212,92.53333333333332,45.73266666666667,1.0,8.233333333333333,0.361,,0.523,0.7046666666666667,2.4386666666666668,0.9356666666666666,0.07133333333333332,0.22166666666666668,0.5503333333333335,1.3683333333333334
1982-01-01,-1.55354,-0.24569,-1.5975700000000002,93.66666666666666,46.40266666666666,1.0,8.833333333333332,0.36533333333333334,,0.5323333333333334,0.7176666666666667,2.5303333333333335,0.9613333333333333,0.07366666666666666,0.22433333333333336,0.536,1.3253333333333333
1982-04-01,0.4562,1.89125,0.58758,95.4,47.03033333333333,1.0,9.433333333333332,0.37766666666666665,,0.5266666666666667,0.7213333333333333,2.5596666666666668,0.8403333333333333,0.07633333333333332,0.225,0.5036666666666667,1.257
1982-07-01,-0.3823,0.84346,-0.56684,97.0,47.784,0.0,9.9,0.3396666666666666,,0.5346666666666667,0.7233333333333333,2.511333333333333,0.827,0.079,0.22733333333333336,0.49366666666666664,1.3203333333333334
1982-10-01,0.0399399999999999,1.03797,-0.0001699999999999,97.33333333333331,48.449666666666666,0.0,10.666666666666666,0.33266666666666667,,0.535,0.6920000000000001,2.4939999999999998,0.8386666666666667,0.07533333333333332,0.21766666666666667,0.48566666666666664,1.2793333333333334
1983-01-01,1.31785,2.06043,1.29283,97.93333333333331,49.08633333333333,0.0,10.366666666666665,0.347,,0.543,0.6953333333333332,2.5083333333333333,0.8170000000000001,0.07533333333333332,0.214,0.4756666666666667,1.1896666666666667
1983-04-01,2.27561,3.08271,2.31779,98.9,49.46133333333333,0.0,10.133333333333333,0.4343333333333333,,0.5406666666666667,0.6873333333333332,2.4650000000000003,0.8383333333333333,0.07766666666666666,0.21733333333333335,0.46900000000000003,1.2503333333333335
1983-07-01,1.99907,3.08268,1.99846,100.13333333333333,50.212666666666664,0.0,9.366666666666665,0.41966666666666663,,0.5396666666666667,0.7443333333333334,2.4476666666666667,0.8896666666666665,0.082,0.22433333333333336,0.47266666666666673,1.2823333333333333
1983-10-01,2.08622,2.88003,2.10371,101.43333333333332,50.61433333333333,0.0,8.533333333333333,0.3423333333333333,,0.543,0.7716666666666668,2.4410000000000003,1.0296666666666667,0.078,0.21566666666666667,0.47533333333333333,1.2423333333333335
1984-01-01,1.95477,2.8872400000000003,1.85468,102.83333333333331,51.126,0.0,7.866666666666665,0.3633333333333333,1.3126666666666666,0.542,0.8513333333333333,2.529,1.2593333333333334,0.07866666666666666,0.215,0.48166666666666663,1.2116666666666667
1984-04-01,1.7277900000000002,2.58666,1.71642,104.1,51.72433333333333,0.0,7.433333333333333,0.37799999999999995,1.3003333333333333,0.5396666666666666,0.824,2.571333333333333,1.052,0.08233333333333333,0.21566666666666667,0.47300000000000003,1.2306666666666668
1984-07-01,0.96406,1.83997,0.94529,105.4,52.21033333333333,0.0,7.433333333333333,0.36599999999999994,1.2656666666666665,0.541,0.8023333333333333,2.6106666666666665,0.8633333333333333,0.08666666666666667,0.21533333333333335,0.4803333333333333,1.2036666666666667
1984-10-01,0.82086,1.45984,0.71024,106.46666666666665,52.581333333333326,0.0,7.3,0.33033333333333337,1.27,0.5423333333333334,0.7626666666666667,2.601,0.844,0.07933333333333333,0.20766666666666667,0.47700000000000004,1.203
1985-01-01,0.96909,1.7715900000000002,0.77861,107.63333333333333,53.29866666666666,0.0,7.2333333333333325,0.37399999999999994,1.2830000000000001,0.5463333333333334,0.7713333333333333,2.6,0.7733333333333334,0.079,0.21233333333333335,0.47433333333333333,1.146
1985-04-01,0.88046,1.5672,0.90774,108.76666666666667,53.761333333333326,0.0,7.3,0.4043333333333334,1.2283333333333333,0.544,0.7566666666666667,2.6076666666666664,0.7506666666666666,0.08166666666666667,0.214,0.4713333333333333,1.2256666666666667
1985-07-01,1.52712,2.00599,1.39624,109.73333333333332,54.313333333333325,0.0,7.2,0.36166666666666664,1.204,0.5566666666666666,0.7573333333333334,2.5723333333333334,0.8109999999999999,0.085,0.21466666666666667,0.47233333333333327,1.229
1985-10-01,0.74329,1.37055,0.8033600000000001,111.0,54.703,0.0,7.033333333333333,0.3276666666666666,1.2346666666666666,0.566,0.7676666666666666,2.542333333333333,0.8793333333333333,0.08066666666666666,0.20666666666666667,0.4613333333333334,1.2063333333333333
1986-01-01,0.9335,1.35031,0.8532700000000001,112.2,55.29433333333333,0.0,7.033333333333333,0.37233333333333335,1.2683333333333333,0.5630000000000001,0.7679999999999999,3.343666666666667,0.8846666666666666,0.077,0.208,0.4546666666666667,1.0983333333333334
1986-04-01,0.45038,0.67948,0.29466,113.13333333333333,55.673,0.0,7.166666666666666,0.4336666666666667,1.1903333333333335,0.5640000000000001,0.7719999999999999,3.669,0.835,0.076,0.21033333333333334,0.45,0.922
1986-07-01,0.95703,1.42546,1.00026,114.2,56.055,0.0,6.966666666666667,0.3746666666666667,1.216,0.5666666666666665,0.919,3.4570000000000003,0.8713333333333333,0.08,0.21333333333333335,0.44333333333333336,0.8643333333333333
1986-10-01,0.53708,0.94633,0.39537,115.3,56.510666666666665,0.0,6.833333333333333,0.3586666666666667,1.2533333333333332,0.565,0.8809999999999999,3.261333333333333,0.8873333333333333,0.07333333333333332,0.20200000000000004,0.434,0.8249999999999998
1987-01-01,0.74517,1.43269,0.78018,116.23333333333332,56.865,0.0,6.6,0.376,1.283,0.5413333333333333,0.819,3.0796666666666668,0.8283333333333335,0.07566666666666666,0.205,0.40700000000000003,0.8929999999999999
1987-04-01,1.0789,1.853,1.14799,117.63333333333333,57.41633333333333,0.0,6.266666666666667,0.37600000000000006,1.3043333333333333,0.5383333333333334,0.7816666666666667,2.7930000000000006,0.7533333333333333,0.07866666666666666,0.206,0.3953333333333333,0.9443333333333334
1987-07-01,0.86761,1.61742,0.85104,118.73333333333332,57.93,0.0,6.0,0.36000000000000004,1.3193333333333332,0.547,0.7776666666666667,2.6663333333333337,0.7766666666666667,0.08433333333333333,0.21033333333333334,0.39633333333333337,0.9853333333333333
1987-10-01,1.71705,2.55709,1.7452599999999998,120.1,58.519,0.0,5.833333333333333,0.3546666666666667,1.333,0.5630000000000001,0.7610000000000001,2.6013333333333333,0.7720000000000001,0.07733333333333332,0.20033333333333334,0.4073333333333333,0.971
1988-01-01,0.51663,1.40586,0.61669,121.26666666666667,59.083666666666666,0.0,5.7,0.40066666666666667,1.3236666666666668,0.5863333333333333,0.746,2.6446666666666663,0.7393333333333333,0.078,0.20099999999999998,0.4586666666666667,0.9166666666666666
1988-04-01,1.31387,2.24566,1.25965,122.73333333333332,59.80033333333333,0.0,5.466666666666667,0.4486666666666667,1.3630000000000002,0.598,0.8079999999999999,2.721,0.7006666666666667,0.07933333333333333,0.20566666666666666,0.4923333333333333,0.9466666666666667
1988-07-01,0.5859300000000001,1.7292599999999998,0.5270699999999999,124.1,60.48866666666667,0.0,5.466666666666667,0.4063333333333334,1.3716666666666668,0.6190000000000001,0.9576666666666668,2.8193333333333332,0.8620000000000001,0.084,0.225,0.5053333333333333,0.976
1988-10-01,1.3325,2.24733,1.36848,125.6,61.165,0.0,5.333333333333333,0.417,1.4006666666666667,0.648,0.903,2.8906666666666667,0.8559999999999999,0.07866666666666666,0.22466666666666668,0.48133333333333334,0.9453333333333332
1989-01-01,1.0166,2.05595,0.9997,126.93333333333332,61.83233333333333,0.0,5.2,0.41966666666666663,1.399,0.653,0.9056666666666667,3.018333333333333,0.9540000000000001,0.079,0.2316666666666667,0.49066666666666664,0.9279999999999999
1989-04-01,0.76327,1.8158,0.73953,128.3,62.39433333333333,0.0,5.2333333333333325,0.508,1.4323333333333332,0.658,0.9583333333333334,3.1483333333333334,0.9633333333333333,0.08166666666666667,0.24166666666666667,0.4843333333333333,1.0993333333333333
1989-07-01,0.74088,1.51811,0.77928,129.53333333333333,62.859333333333325,0.0,5.2333333333333325,0.43933333333333335,1.4476666666666667,0.672,0.9533333333333333,3.1646666666666667,0.9940000000000001,0.08600000000000001,0.256,0.5143333333333334,1.0593333333333332
1989-10-01,0.19705,1.0206,0.30264,131.1,63.43433333333333,1.0,5.366666666666666,0.42766666666666664,1.4803333333333335,0.6793333333333335,0.8906666666666667,2.9593333333333334,1.0799999999999998,0.08066666666666666,0.249,0.5046666666666667,1.002
1990-01-01,1.09279,2.1492400000000003,1.05495,132.76666666666665,64.16533333333332,1.0,5.3,0.4736666666666667,1.5666666666666667,0.69,0.902,2.9243333333333332,1.125,0.081,0.25133333333333335,0.49300000000000005,1.0339999999999998
1990-04-01,0.36291,1.51521,0.38724,134.5,64.882,1.0,5.333333333333333,0.4633333333333334,1.5876666666666666,0.6836666666666668,0.9089999999999999,2.9333333333333336,0.9873333333333334,0.084,0.25466666666666665,0.4956666666666667,1.0643333333333334
1990-07-01,0.06652,0.84454,-0.01963,136.5,65.53766666666667,1.0,5.7,0.4856666666666667,1.5836666666666668,0.6993333333333333,0.912,3.0353333333333334,0.9329999999999999,0.08733333333333333,0.25466666666666665,0.49866666666666665,1.1893333333333334
1990-10-01,-0.91038,0.21461,-0.53652,138.06666666666666,66.08766666666666,1.0,6.133333333333333,0.4303333333333333,1.6113333333333333,0.7053333333333333,0.8736666666666667,2.972,1.0103333333333333,0.08233333333333333,0.2383333333333333,0.49833333333333335,1.3696666666666666
1991-01-01,-0.46784,0.32065,-0.65732,140.06666666666666,66.67433333333332,1.0,6.6,0.5,1.6296666666666668,0.7026666666666666,0.896,2.936666666666667,1.054,0.08433333333333333,0.238,0.49466666666666664,1.1573333333333335
1991-04-01,0.77972,1.32986,0.58937,141.33333333333331,67.188,0.0,6.833333333333333,0.5543333333333333,1.6130000000000002,0.7036666666666666,0.882,2.889666666666667,0.9313333333333333,0.08633333333333333,0.2363333333333333,0.5033333333333333,1.14
1991-07-01,0.5053,1.22862,0.4425199999999999,142.86666666666665,67.79333333333332,0.0,6.866666666666666,0.4546666666666666,1.5723333333333336,0.7103333333333333,0.8770000000000001,2.7403333333333335,0.9923333333333333,0.09066666666666667,0.2363333333333333,0.501,1.1366666666666667
1991-10-01,0.3485,1.07067,0.47381,144.2,68.327,0.0,7.1,0.41500000000000004,1.5653333333333332,0.7226666666666667,0.8663333333333333,2.6679999999999997,0.9793333333333333,0.08533333333333333,0.22366666666666668,0.5116666666666666,1.1263333333333334
1992-01-01,1.19705,1.5573,1.18234,145.46666666666667,68.849,0.0,7.366666666666665,0.4793333333333334,1.5776666666666666,0.7343333333333333,0.862,2.662333333333333,0.888,0.085,0.24133333333333332,0.5153333333333334,1.0616666666666665
1992-04-01,1.08435,1.6727,1.06707,146.73333333333332,69.33533333333332,0.0,7.6,0.464,1.5476666666666665,0.7516666666666666,0.8586666666666666,2.6323333333333334,0.8220000000000001,0.08833333333333333,0.24233333333333332,0.522,1.1313333333333333
1992-07-01,0.98827,1.43064,0.93919,147.86666666666665,69.74633333333333,0.0,7.633333333333333,0.4663333333333333,1.5136666666666667,0.7676666666666666,0.8803333333333333,2.598333333333333,0.8363333333333335,0.09166666666666667,0.25233333333333335,0.5396666666666666,1.1633333333333333
1992-10-01,1.04316,1.74748,1.05341,149.2,70.25733333333332,0.0,7.366666666666665,0.4226666666666667,1.527,0.7456666666666667,0.8763333333333333,2.4156666666666666,0.8943333333333333,0.08733333333333333,0.236,0.5346666666666667,1.1496666666666666
1993-01-01,0.1674,0.82778,0.26495,150.5,70.74133333333333,0.0,7.133333333333333,0.4586666666666666,1.563,0.747,0.875,2.422,0.9066666666666667,0.08800000000000001,0.24066666666666667,0.527,1.1076666666666668
1993-04-01,0.5824199999999999,1.07771,0.4808199999999999,151.76666666666665,71.27833333333332,0.0,7.066666666666666,0.467,1.57,0.7493333333333334,0.8843333333333333,2.5079999999999996,0.9376666666666665,0.09066666666666667,0.23566666666666666,0.5193333333333333,1.1236666666666666
1993-07-01,0.47731,1.15013,0.55506,152.66666666666666,71.677,0.0,6.8,0.4216666666666667,1.567,0.7516666666666666,0.8943333333333333,2.513666666666667,0.9063333333333334,0.09633333333333334,0.23566666666666666,0.5093333333333333,1.097
1993-10-01,1.36011,1.6782,1.12789,153.86666666666665,72.046,0.0,6.633333333333333,0.4076666666666667,1.5766666666666669,0.7603333333333332,0.907,2.4426666666666663,0.895,0.09133333333333334,0.22566666666666668,0.49333333333333335,1.1033333333333335
1994-01-01,0.97022,1.54463,1.06377,154.86666666666665,72.37233333333333,0.0,6.566666666666666,0.48466666666666663,1.564,0.7596666666666666,0.8926666666666666,2.5246666666666666,0.9153333333333333,0.08966666666666667,0.22966666666666669,0.538,1.0463333333333333
1994-04-01,1.35505,1.7747099999999998,1.28534,155.9333333333333,72.85966666666666,0.0,6.2,0.46166666666666667,1.494,0.7636666666666666,0.9063333333333334,2.5496666666666665,0.8343333333333334,0.09100000000000001,0.23033333333333336,0.5640000000000001,1.0833333333333333
1994-07-01,0.5845199999999999,1.13609,0.55805,157.1,73.26666666666665,0.0,6.0,0.46166666666666667,1.4596666666666664,0.7626666666666667,0.9086666666666666,4.093,0.855,0.09566666666666668,0.237,0.5486666666666667,1.1649999999999998
1994-10-01,1.14552,1.67674,1.12541,158.1,73.63833333333332,0.0,5.633333333333333,0.4406666666666667,1.3906666666666665,0.7566666666666667,0.896,4.438,0.8466666666666667,0.09166666666666667,0.22733333333333336,0.5363333333333334,1.1526666666666667
1995-01-01,0.3547599999999999,1.0228700000000002,0.47429,159.4333333333333,74.02433333333333,0.0,5.466666666666667,0.5023333333333334,1.3996666666666666,0.7696666666666667,0.9023333333333333,4.246666666666666,0.8733333333333334,0.09100000000000001,0.24066666666666667,0.5173333333333333,1.1213333333333333
1995-04-01,0.29834,0.81463,0.3290599999999999,160.73333333333332,74.464,0.0,5.666666666666666,0.486,1.34,0.775,0.9033333333333333,4.07,0.8256666666666667,0.09333333333333334,0.24133333333333332,0.517,1.1886666666666665
1995-07-01,0.8506799999999999,1.16027,0.66285,161.8,74.81933333333333,0.0,5.666666666666666,0.508,1.3563333333333334,0.798,0.922,4.024666666666667,0.9396666666666667,0.09766666666666668,0.253,0.5226666666666667,1.1689999999999998
1995-10-01,0.67902,1.3126,0.82529,162.9333333333333,75.19433333333333,0.0,5.566666666666666,0.4623333333333333,1.3806666666666665,0.8223333333333332,0.9390000000000001,3.810333333333334,1.0593333333333332,0.09233333333333334,0.24666666666666667,0.541,1.1096666666666666
1996-01-01,0.74895,1.31566,0.8297399999999999,164.03333333333333,75.48966666666665,0.0,5.533333333333333,0.501,1.3760000000000001,0.8566666666666666,0.9380000000000001,3.572333333333333,1.128,0.09133333333333334,0.266,0.5533333333333333,1.1383333333333334
1996-04-01,1.66785,1.97466,1.5541200000000002,165.0,75.84833333333333,0.0,5.5,0.505,1.3323333333333334,0.8733333333333334,0.9546666666666667,3.469666666666667,1.0173333333333334,0.09333333333333334,0.2813333333333334,0.541,1.291
1996-07-01,0.89699,1.18303,0.85264,166.06666666666666,76.19466666666666,0.0,5.266666666666667,0.478,1.3676666666666668,0.8966666666666666,0.9893333333333333,3.3676666666666666,1.0879999999999999,0.09900000000000002,0.31,0.5393333333333333,1.2486666666666666
1996-10-01,1.03838,1.64202,1.10129,167.13333333333333,76.62866666666666,0.0,5.333333333333333,0.47433333333333333,1.3993333333333335,0.876,1.0086666666666666,3.3113333333333332,1.192,0.09300000000000001,0.2933333333333333,0.551,1.2456666666666667
1997-01-01,0.64556,1.14109,0.5422100000000001,168.1,76.92966666666666,0.0,5.2333333333333325,0.5156666666666667,1.3876666666666668,0.8583333333333334,1.011,3.376,1.1119999999999999,0.09233333333333334,0.3073333333333333,0.5630000000000001,1.2503333333333335
1997-04-01,1.662,1.95247,1.74688,169.16666666666666,77.331,0.0,5.0,0.49466666666666664,1.3903333333333332,0.8610000000000001,1.0006666666666666,4.143666666666667,1.0116666666666667,0.09466666666666668,0.308,0.5596666666666666,1.2286666666666666
1997-07-01,1.25085,1.59541,1.15654,169.9,77.51133333333333,0.0,4.866666666666666,0.47333333333333333,1.405333333333333,0.8763333333333333,0.995,4.638000000000001,1.0163333333333333,0.09866666666666668,0.307,0.5656666666666667,1.245
1997-10-01,0.85882,1.10902,0.7771399999999999,170.86666666666665,77.75666666666666,0.0,4.666666666666666,0.4626666666666667,1.4023333333333332,0.8933333333333334,1.001,4.285333333333333,1.0933333333333335,0.09166666666666667,0.2853333333333333,0.5716666666666667,1.2106666666666668
1998-01-01,0.99948,1.24801,1.09901,171.9,77.98566666666666,0.0,4.633333333333333,0.4789999999999999,1.4226666666666665,0.8559999999999999,1.0203333333333333,4.0103333333333335,1.0786666666666667,0.08533333333333333,0.2993333333333333,0.5459999999999999,1.0846666666666667
1998-04-01,0.92581,1.12869,0.8889799999999999,172.86666666666665,78.22466666666665,0.0,4.4,0.5093333333333333,1.406,0.8626666666666667,1.0256666666666667,3.874333333333333,0.9843333333333333,0.08733333333333333,0.3036666666666667,0.5403333333333333,1.0793333333333335
1998-07-01,1.2525700000000002,1.53991,1.10354,173.9,78.50266666666666,0.0,4.533333333333333,0.49833333333333335,1.4113333333333333,0.8653333333333334,1.0553333333333332,3.698333333333333,1.0153333333333334,0.09000000000000001,0.3073333333333333,0.54,1.0546666666666666
1998-10-01,1.61588,1.92262,1.6407599999999998,174.86666666666665,78.752,0.0,4.433333333333333,0.48900000000000005,1.4076666666666666,0.8566666666666666,1.0733333333333335,3.4770000000000003,1.0713333333333332,0.08466666666666667,0.289,0.5413333333333333,1.0186666666666666
1999-01-01,0.94647,1.4183,1.04519,175.63333333333333,79.00766666666665,0.0,4.3,0.5013333333333333,1.4056666666666666,0.8783333333333333,1.0643333333333334,3.446333333333333,1.0453333333333334,0.084,0.293,0.545,0.9726666666666667
1999-04-01,0.7691600000000001,1.18488,0.81758,176.46666666666667,79.26266666666666,0.0,4.266666666666667,0.492,1.4403333333333332,0.8893333333333334,1.0413333333333334,3.4606666666666666,0.9303333333333333,0.08600000000000001,0.2973333333333333,0.5506666666666667,1.1676666666666666
1999-07-01,1.30966,1.61841,1.27204,177.4,79.53633333333333,0.0,4.2333333333333325,0.4883333333333333,1.4536666666666667,0.8850000000000001,1.056,3.4136666666666664,0.952,0.08966666666666667,0.3096666666666667,0.5513333333333335,1.2413333333333334
1999-10-01,1.6995900000000002,2.3428400000000003,1.7957299999999998,178.4,79.895,0.0,4.066666666666666,0.48166666666666663,1.514,0.8956666666666667,1.062,3.388666666666667,0.9093333333333334,0.08566666666666667,0.27566666666666667,0.5003333333333333,1.2786666666666668
2000-01-01,0.3617599999999999,1.00534,0.32276,179.56666666666666,80.33333333333333,0.0,4.033333333333333,0.5116666666666667,1.5103333333333335,0.9183333333333333,1.0563333333333333,3.616666666666667,0.956,0.08466666666666667,0.27933333333333327,0.49066666666666664,1.4036666666666668
2000-04-01,1.83116,2.46966,1.85488,180.7,80.58866666666665,0.0,3.9333333333333327,0.5083333333333334,1.57,0.919,1.0633333333333332,3.515333333333333,0.8763333333333333,0.08666666666666667,0.29666666666666663,0.49,1.5403333333333336
2000-07-01,0.1335599999999999,0.65686,0.08739,181.9,80.95333333333333,0.0,4.0,0.49666666666666665,1.588,0.9253333333333335,1.0873333333333333,3.409666666666667,0.8936666666666667,0.09100000000000001,0.304,0.49,1.5616666666666665
2000-10-01,0.6228899999999999,1.39124,0.8577299999999999,183.0,81.342,0.0,3.9,0.48733333333333334,1.6093333333333335,0.9580000000000001,1.0776666666666668,3.2573333333333334,0.928,0.08666666666666667,0.281,0.49,1.5343333333333333
2001-01-01,-0.28518,0.18644,-0.42294,184.33333333333331,81.81133333333332,1.0,4.2333333333333325,0.502,1.7216666666666667,0.9986666666666667,1.0946666666666667,3.2153333333333336,0.9466666666666667,0.08833333333333333,0.3076666666666667,0.49,1.467666666666667
2001-04-01,0.5845600000000001,1.27354,0.66501,185.46666666666664,82.12133333333333,1.0,4.4,0.5023333333333333,1.733666666666667,0.9973333333333333,1.1006666666666665,3.1270000000000002,0.9430000000000001,0.09200000000000001,0.2996666666666667,0.49,1.6443333333333332
2001-07-01,-0.4150399999999999,-0.23065,-0.62943,186.73333333333332,82.34166666666665,1.0,4.833333333333333,0.5166666666666667,1.6770000000000003,0.9913333333333334,1.1063333333333334,3.0559999999999996,0.9023333333333333,0.09800000000000002,0.3096666666666667,0.49,1.4799999999999998
2001-10-01,0.27237,1.20003,0.8675700000000001,187.96666666666664,82.75866666666666,0.0,5.5,0.5056666666666666,1.7243333333333333,1.0090000000000001,1.119,2.972,0.9253333333333332,0.09100000000000001,0.29233333333333333,0.49,1.252
2002-01-01,0.87451,0.8410299999999999,0.50917,189.0,82.99966666666666,0.0,5.7,0.5106666666666667,1.7246666666666668,1.007,1.104,2.9136666666666664,0.9906666666666665,0.08900000000000001,0.3156666666666667,0.49,1.1700000000000002
2002-04-01,0.60573,0.78814,0.4268399999999999,189.96666666666664,83.475,0.0,5.833333333333333,0.5103333333333334,1.7466666666666668,1.0093333333333332,1.09,2.975,1.0063333333333333,0.09066666666666667,0.31833333333333336,0.471,1.4106666666666667
2002-07-01,0.4445699999999999,1.02851,0.56496,190.96666666666664,83.89266666666666,0.0,5.7333333333333325,0.5046666666666667,1.6680000000000001,1.0143333333333333,1.062,2.9423333333333335,1.0326666666666666,0.09500000000000001,0.3213333333333333,0.476,1.4189999999999998
2002-10-01,0.15482,0.8589200000000001,0.28979,191.83333333333331,84.18666666666665,0.0,5.866666666666666,0.5043333333333333,1.7116666666666667,1.0316666666666665,1.0396666666666665,2.8639999999999994,1.0983333333333334,0.08966666666666667,0.29066666666666663,0.46166666666666667,1.4303333333333335
2003-01-01,0.55477,0.8659,0.40774,192.46666666666664,84.38933333333333,0.0,5.866666666666666,0.5156666666666667,1.7860000000000003,1.0439999999999998,1.028,2.952,1.191,0.08900000000000001,0.3113333333333333,0.4426666666666667,1.6206666666666667
2003-04-01,0.86026,1.26144,0.96548,192.8,84.63766666666666,0.0,6.133333333333333,0.5143333333333334,1.8810000000000002,1.003,1.039,2.9586666666666672,1.1129999999999998,0.09333333333333334,0.324,0.4323333333333333,1.5716666666666665
2003-07-01,1.6982099999999998,2.2298,1.6787299999999998,193.56666666666663,84.98533333333333,0.0,6.133333333333333,0.5073333333333333,1.9686666666666663,0.9973333333333333,1.024,2.9280000000000004,1.2279999999999998,0.09800000000000002,0.32466666666666666,0.45533333333333337,1.6266666666666667
2003-10-01,1.14817,1.96156,1.36288,194.06666666666663,85.334,0.0,5.833333333333333,0.49733333333333335,2.166,0.9586666666666667,1.0466666666666666,2.826333333333333,1.4456666666666667,0.09100000000000001,0.2866666666666666,0.47833333333333333,1.5439999999999998
2004-01-01,0.53375,1.42821,0.67786,195.0,85.86,0.0,5.7,0.5053333333333333,2.235333333333333,0.9453333333333332,1.074,2.893333333333333,1.5936666666666666,0.09100000000000001,0.303,0.49099999999999994,1.6766666666666667
2004-04-01,0.76208,1.35975,0.5396,196.23333333333332,86.36333333333333,0.0,5.6,0.498,2.0973333333333333,0.971,1.073,2.8296666666666668,1.415,0.09433333333333334,0.2973333333333333,0.523,1.9609999999999996
2004-07-01,0.94533,1.67829,1.01805,197.06666666666663,86.68433333333333,0.0,5.433333333333333,0.5016666666666666,2.1153333333333335,0.9886666666666666,1.0823333333333334,2.876666666666667,1.2249999999999999,0.09933333333333334,0.31833333333333336,0.5603333333333333,1.9093333333333333
2004-10-01,1.00167,1.55473,0.77657,198.26666666666665,87.15333333333332,0.0,5.433333333333333,0.476,2.1886666666666668,0.9726666666666667,1.0490000000000002,2.798,1.1243333333333334,0.09266666666666667,0.2916666666666667,0.5710000000000001,1.9736666666666665
2005-01-01,1.10696,2.15956,1.35734,199.5,87.76166666666666,0.0,5.3,0.498,2.212666666666667,0.9936666666666666,1.0416666666666667,2.999333333333333,1.2089999999999999,0.09400000000000001,0.3256666666666667,0.5806666666666667,1.9353333333333331
2005-04-01,0.46156,1.06227,0.35928,200.4333333333333,88.165,0.0,5.1,0.49766666666666665,2.336666666666667,1.0599999999999998,1.0656666666666668,3.3283333333333336,1.1626666666666667,0.09866666666666667,0.3293333333333333,0.561,2.225
2005-07-01,0.89133,1.86688,0.95253,201.1,88.49533333333333,0.0,4.966666666666667,0.48866666666666664,2.366,1.0596666666666665,1.055,3.3973333333333335,1.2033333333333334,0.10533333333333333,0.33666666666666667,0.543,2.5829999999999997
2005-10-01,0.63146,1.20572,0.39682,202.4333333333333,89.07,0.0,4.966666666666667,0.4843333333333333,2.2703333333333333,1.048,1.0606666666666666,3.3249999999999997,1.2976666666666667,0.102,0.304,0.5316666666666667,2.438
2006-01-01,1.33029,2.03985,1.33307,203.7,89.57333333333332,0.0,4.7333333333333325,0.502,2.2386666666666666,1.0383333333333333,1.0513333333333332,3.235666666666667,1.3596666666666668,0.10833333333333334,0.32666666666666666,0.5333333333333333,2.342
2006-04-01,0.2337,1.02644,0.18861,205.36666666666665,90.21066666666665,0.0,4.633333333333333,0.511,2.235,1.0773333333333335,1.0476666666666665,3.2663333333333333,1.2436666666666667,0.11233333333333333,0.329,0.5453333333333333,2.873666666666667
2006-07-01,0.15463,0.75455,0.05452,206.76666666666665,90.69733333333332,0.0,4.633333333333333,0.49300000000000005,2.187333333333333,1.0806666666666667,1.0503333333333333,3.1743333333333332,1.2369999999999999,0.118,0.3403333333333334,0.5586666666666666,2.857666666666667
2006-10-01,0.8518700000000001,1.29682,0.92556,207.83333333333331,91.08633333333331,0.0,4.433333333333333,0.49533333333333335,2.2236666666666665,1.1256666666666668,1.0479999999999998,3.136333333333333,1.3846666666666667,0.11066666666666668,0.31866666666666665,0.5593333333333333,2.2823333333333333
2007-01-01,0.23549,1.23068,0.24613,209.051,91.74633333333331,0.0,4.5,0.5073333333333333,2.260333333333333,1.1606666666666665,1.0453333333333334,3.406333333333333,1.643,0.113,0.353,0.555,2.3836666666666666
2007-04-01,0.57287,1.37416,0.72365,210.06566666666663,92.087,0.0,4.5,0.5106666666666667,2.298,1.1953333333333334,1.1223333333333334,3.384,1.4976666666666667,0.11666666666666665,0.3516666666666666,0.543,3.014
2007-07-01,0.54327,1.4513,0.93176,211.14866666666663,92.53766666666665,0.0,4.666666666666666,0.5066666666666667,2.377666666666667,1.2103333333333335,1.139,3.513,1.6536666666666668,0.12133333333333333,0.35600000000000004,0.548,2.844
2007-10-01,0.6078399999999999,1.31388,0.90875,212.635,93.13866666666665,1.0,4.8,0.516,2.2609999999999997,1.2630000000000001,1.1540000000000001,3.646,1.9106666666666667,0.11566666666666668,0.38033333333333336,0.5500000000000002,2.9606666666666666
2008-01-01,-0.5747,-0.31353,-0.68517,214.04333333333332,93.65633333333331,1.0,5.0,0.5526666666666666,2.334,1.3173333333333332,1.1633333333333333,3.646,2.182,0.116,0.455,0.5783333333333333,3.112666666666667
2008-04-01,0.51639,1.07202,0.5281,214.97333333333333,94.10466666666666,1.0,5.333333333333333,0.63,2.3016666666666667,1.372,1.1836666666666666,3.646,1.9729999999999999,0.122,0.527,0.6883333333333334,3.7566666666666664
2008-07-01,-0.5413600000000001,0.32422,-0.42351,216.357,94.547,1.0,6.0,0.6306666666666667,2.3493333333333335,1.3813333333333333,1.2093333333333334,3.646,1.9476666666666667,0.131,0.5383333333333334,0.834,3.858
2008-10-01,-2.16381,-2.36038,-2.6565,216.88666666666663,94.591,1.0,6.866666666666666,0.624,2.3883333333333336,1.3950000000000002,1.2713333333333334,3.646,1.8433333333333335,0.12433333333333334,0.5063333333333334,0.8296666666666667,2.337666666666667
2009-01-01,-1.1227,-1.04962,-1.04485,217.797,94.67766666666665,1.0,8.266666666666666,0.6346666666666666,2.354,1.3983333333333334,1.2943333333333333,3.646,1.7793333333333334,0.126,0.5096666666666666,0.7846666666666667,1.888
2009-04-01,-0.14399,-0.29804,-0.15734,218.90733333333333,95.10466666666666,1.0,9.3,0.6226666666666666,2.247333333333333,1.3976666666666666,1.294,3.646,1.6013333333333335,0.12766666666666668,0.5053333333333333,0.7653333333333334,2.3173333333333335
2009-07-01,0.36411,0.8535200000000001,0.7430899999999999,219.55966666666663,95.442,0.0,9.633333333333331,0.6106666666666666,2.1396666666666664,1.3686666666666667,1.2686666666666666,3.646,1.5846666666666664,0.13033333333333333,0.5153333333333333,0.7559999999999999,2.5813333333333333
2009-10-01,1.09838,1.36983,1.02535,220.68266666666665,96.03733333333331,0.0,9.933333333333332,0.5766666666666667,2.1416666666666666,1.3849999999999998,1.2556666666666667,3.669,1.6906666666666668,0.12466666666666666,0.474,0.7566666666666667,2.6140000000000003
2010-01-01,0.38478,0.83645,0.5865199999999999,220.71566666666664,96.316,0.0,9.83333333333333,0.5826666666666667,2.2653333333333334,1.3630000000000002,1.2536666666666667,3.704,1.8276666666666668,0.124,0.48866666666666664,0.759,2.723333333333333
2010-04-01,0.92203,1.38039,0.91499,220.99266666666665,96.53066666666666,0.0,9.633333333333331,0.576,2.357666666666667,1.3683333333333334,1.2426666666666666,3.667333333333333,1.5986666666666665,0.12833333333333333,0.48066666666666663,0.7479999999999999,2.821
2010-07-01,0.73721,0.97695,0.6858,221.52766666666665,96.66033333333331,0.0,9.466666666666665,0.5773333333333333,2.451,1.3726666666666667,1.2699999999999998,3.988666666666667,1.571,0.13266666666666668,0.48533333333333334,0.7383333333333333,2.7283333333333335
2010-10-01,0.5019,1.15394,0.58787,222.10733333333332,96.92433333333331,0.0,9.5,0.5826666666666667,2.389666666666667,1.3893333333333333,1.2863333333333333,4.262666666666667,1.6413333333333335,0.12566666666666668,0.453,0.7173333333333334,2.877333333333333
2011-01-01,-0.24044,0.37338,-0.16926,223.15666666666664,97.38433333333332,0.0,9.033333333333331,0.614,2.635666666666667,1.4046666666666667,1.2586666666666666,4.425666666666667,1.7486666666666668,0.12566666666666668,0.49300000000000005,0.7446666666666667,3.2680000000000002
2011-04-01,0.71497,1.37811,0.7096600000000001,224.19966666666664,97.95366666666665,0.0,9.066666666666666,0.6173333333333333,2.7300000000000004,1.4606666666666666,1.2893333333333332,5.1546666666666665,1.7006666666666668,0.13,0.5163333333333333,0.7519999999999999,3.817
2011-07-01,-0.02778,0.76783,0.12646,225.73266666666663,98.426,0.0,9.0,0.608,2.8350000000000004,1.4880000000000002,1.2986666666666669,5.6546666666666665,1.7683333333333333,0.135,0.54,0.7166666666666667,3.632
2011-10-01,1.15928,1.4008,1.2464,226.93666666666664,98.79066666666665,0.0,8.633333333333333,0.6013333333333334,2.8986666666666667,1.4253333333333333,1.3186666666666669,5.528,1.8603333333333332,0.12833333333333333,0.523,0.7493333333333334,3.389666666666667
2012-01-01,0.78299,1.30098,0.66735,228.12966666666665,99.44,0.0,8.266666666666666,0.6046666666666666,2.989333333333333,1.42,1.354,5.478999999999999,1.837,0.12766666666666668,0.525,0.719,3.613
2012-04-01,0.4302,0.69066,0.29611,229.25066666666663,99.85,0.0,8.2,0.6023333333333333,3.0,1.4136666666666666,1.3793333333333333,5.563666666666666,1.7299999999999998,0.13033333333333333,0.5156666666666667,0.6846666666666668,3.7569999999999997
2012-07-01,0.13495,0.64363,0.13194,230.28733333333332,100.13366666666666,0.0,8.033333333333333,0.5986666666666666,3.0333333333333337,1.4116666666666668,1.4473333333333336,5.703,1.8070000000000002,0.133,0.525,0.6826666666666666,3.671333333333333
2012-10-01,0.11387,0.5897100000000001,0.0781299999999999,231.35966666666664,100.57633333333332,0.0,7.8,0.6026666666666666,3.1275,1.4253333333333333,1.508,5.958333333333333,1.9766666666666666,0.12733333333333333,0.502,0.701,3.535
2013-01-01,0.8856799999999999,1.21006,0.8072,232.53066666666663,100.975,0.0,7.7333333333333325,0.6096666666666667,3.372666666666666,1.415,1.4746666666666668,5.886,1.941,0.12866666666666668,0.5156666666666667,0.7123333333333334,3.593
2013-04-01,0.1234,0.49148,0.20213,233.0593333333333,101.28833333333333,0.0,7.533333333333333,0.601,3.3203333333333336,1.4163333333333334,1.4826666666666668,5.646666666666667,1.8823333333333334,0.132,0.5283333333333333,0.7163333333333334,3.6153333333333335
2013-07-01,0.78342,1.32979,0.84624,234.30533333333332,101.67933333333332,0.0,7.2333333333333325,0.5993333333333334,3.4716666666666662,1.420333333333333,1.500333333333333,5.2330000000000005,1.856,0.137,0.527,0.733,3.5946666666666665
2013-10-01,0.79825,1.35476,0.76408,235.34633333333332,102.16366666666666,0.0,6.933333333333333,0.5883333333333334,3.442,1.375,1.527,5.0456666666666665,1.9586666666666666,0.131,0.5153333333333333,0.7326666666666667,3.3009999999999997
2014-01-01,-0.28271,0.14973,-0.25798,236.257,102.49966666666666,0.0,6.666666666666666,0.597,3.5733333333333337,1.3706666666666667,1.5256666666666667,5.010666666666666,2.0223333333333335,0.13433333333333333,0.5496666666666666,0.7320000000000001,3.405333333333333
2014-04-01,1.35368,1.84748,1.28647,237.47933333333333,102.98066666666666,0.0,6.2,0.6023333333333333,3.8480000000000003,1.3963333333333334,1.5296666666666667,5.0089999999999995,2.0210000000000004,0.1366666666666667,0.537,0.7436666666666666,3.6816666666666666
2014-07-01,1.2209299999999998,1.76706,1.33475,238.462,103.362,0.0,6.066666666666666,0.6066666666666666,3.997666666666667,1.4046666666666667,1.5366666666666668,5.160333333333333,1.9663333333333333,0.1423333333333333,0.5236666666666667,0.747,3.5056666666666665
2014-10-01,0.56279,0.5318,0.379,239.411,103.64533333333333,0.0,5.7,0.5863333333333333,4.170333333333333,1.4333333333333333,1.5409999999999997,4.778333333333333,2.0643333333333334,0.135,0.509,0.7133333333333333,2.876333333333333
2015-01-01,0.94915,0.82983,0.92521,240.246,103.834,0.0,5.533333333333333,0.589,4.224333333333334,1.4513333333333334,1.547,4.825,2.1113333333333335,0.13733333333333334,0.5293333333333333,0.6836666666666665,2.280666666666667
2015-04-01,0.67661,1.14923,0.60429,241.69933333333333,104.28766666666667,0.0,5.433333333333333,0.5843333333333333,4.196000000000001,1.4613333333333334,1.5123333333333333,4.797,2.199,0.139,0.516,0.6789999999999999,2.697333333333333
2015-07-01,0.3626,0.67877,0.36257,242.89933333333332,104.62033333333332,0.0,5.1,0.5803333333333334,4.161666666666666,1.4329999999999998,1.4433333333333334,4.7556666666666665,2.826333333333333,0.14166666666666664,0.5186666666666667,0.668,2.635
2015-10-01,0.16036,0.27478,0.26593,244.18533333333332,104.87266666666666,0.0,5.033333333333333,0.5773333333333333,4.085333333333334,1.4183333333333332,1.4503333333333333,4.5023333333333335,2.7409999999999997,0.13433333333333333,0.5026666666666667,0.711,2.1780000000000004
2016-01-01,0.5664100000000001,0.38925,0.4592199999999999,245.45933333333332,105.343,0.0,4.9,0.58,3.965666666666667,1.4159999999999997,1.4566666666666668,4.45,2.2253333333333334,0.134,0.5186666666666667,0.709,1.8973333333333333
2016-04-01,0.31192,1.01785,0.3238,247.076,105.892,0.0,4.933333333333333,0.571,3.752333333333333,1.3736666666666666,1.4643333333333335,4.450666666666666,1.656,0.135,0.525,0.7280000000000001,2.2536666666666663
2016-07-01,0.5444,0.8962399999999999,0.55497,248.36466666666664,106.39,0.0,4.9,0.568,3.670666666666667,1.3396666666666668,1.4526666666666668,4.372,1.4906666666666668,0.139,0.5453333333333333,0.73,2.196
2016-10-01,0.6293,1.37785,0.8839299999999999,249.51433333333333,106.78333333333332,0.0,4.766666666666667,0.573,3.611666666666667,1.3556666666666668,1.4809999999999999,4.298666666666667,1.3646666666666665,0.13266666666666668,0.511,0.6976666666666667,2.22
2017-01-01,0.56567,1.07781,0.5665100000000001,250.73366666666664,107.25133333333332,0.0,4.566666666666666,0.5723333333333332,3.5679999999999996,1.346,1.4509999999999998,4.567,1.4889999999999999,0.13433333333333333,0.529,0.6956666666666665,2.3243333333333336
2017-04-01,0.42694,0.68008,0.37005,251.52066666666664,107.619,0.0,4.4,0.569,3.595,1.33,1.4800000000000002,4.588,1.385,0.138,0.5133333333333333,0.7213333333333333,2.380333333333333
2017-07-01,0.72883,1.38345,0.88331,252.561,107.98966666666666,0.0,4.3,0.5566666666666666,3.7310000000000003,1.3413333333333333,1.4883333333333333,4.343666666666667,1.3739999999999999,0.1423333333333333,0.5096666666666666,0.7526666666666667,2.4283333333333332
2017-10-01,0.95568,1.7213,1.04188,253.8623333333333,108.561,0.0,4.133333333333333,0.5523333333333335,3.6780000000000004,1.313,1.4683333333333335,4.312,1.6203333333333336,0.13633333333333333,0.47700000000000004,0.7153333333333333,2.497
2018-01-01,0.93168,1.45733,0.86134,255.532,109.21166666666666,0.0,4.033333333333333,0.5746666666666665,3.6466666666666665,1.285,1.4963333333333333,4.300333333333334,1.7850000000000001,0.135,0.4696666666666667,0.685,2.5620000000000003
2018-04-01,0.6686300000000001,1.3982,0.53745,257.11566666666664,109.83366666666666,0.0,3.9333333333333327,0.576,3.7146666666666666,1.2843333333333333,1.516,4.3035,1.8986666666666665,0.13633333333333333,0.47,0.6906666666666667,2.8526666666666665
2018-07-01,0.5252,0.76032,0.36034,258.1813333333333,110.23266666666666,0.0,3.7666666666666666,0.5723333333333332,3.76,1.2943333333333333,1.5056666666666665,4.306,1.6660000000000001,0.1386666666666667,0.4663333333333333,0.6960000000000001,2.8693333333333335
2018-10-01,0.32832,0.85662,0.38048,259.42566666666664,110.74266666666666,0.0,3.8333333333333326,0.5723333333333332,3.74,1.2803333333333333,1.4703333333333333,4.306,1.617,0.135,0.441,0.7026666666666666,2.6573333333333333
2019-01-01,0.72512,0.84603,0.58973,260.82666666666665,111.07366666666665,0.0,3.8666666666666663,0.576,3.7613333333333334,1.2723333333333333,1.4756666666666665,4.306,1.5516666666666665,0.13533333333333333,0.4423333333333333,0.7496666666666667,2.402
2019-04-01,0.37072,1.11985,0.47498,262.517,111.66633333333333,0.0,3.6666666666666665,0.5733333333333333,3.8029999999999995,1.2846666666666666,1.5106666666666666,4.306,1.342666666666667,0.1366666666666667,0.44533333333333336,0.7763333333333334,2.829333333333333
2019-07-01,0.6369100000000001,1.01404,0.6641100000000001,264.12333333333333,112.19166666666666,0.0,3.6,0.572,3.823333333333333,1.284,1.5210000000000001,4.306,1.2816666666666667,0.13933333333333334,0.451,0.7960000000000002,2.687
2019-10-01,0.58623,0.95508,0.58048,265.368,112.56733333333332,0.0,3.6,0.573,3.8383333333333334,1.3496666666666666,1.4726666666666668,4.141333333333333,1.4073333333333335,0.134,0.426,0.7360000000000001,2.626666666666667
2020-01-01,-1.26265,-1.01758,-1.42239,266.6673333333333,113.02766666666666,1.0,3.8,0.5733333333333333,3.877333333333333,1.3666666666666665,1.3903333333333332,4.252666666666666,1.4783333333333335,0.134,0.43933333333333335,0.7276666666666666,2.433
2020-04-01,-8.98612,-9.77942,-9.30289,265.9183333333333,112.80866666666665,1.0,13.066666666666666,0.586,4.416666666666667,1.4306666666666665,1.659,4.459666666666667,1.7376666666666667,0.13466666666666668,0.4645,0.7484999999999999,1.9436666666666664
2020-07-01,7.478739999999999,8.6906,7.714639999999999,268.51033333333334,113.76766666666666,0.0,8.8,0.5766666666666667,4.1723333333333334,1.4906666666666668,1.6209999999999998,4.5089999999999995,1.3606666666666667,0.137,0.457,0.7726666666666667,2.182
2020-10-01,1.0642,1.51078,1.0427,269.703,114.12333333333332,0.0,6.766666666666667,0.5756666666666667,3.9953333333333334,1.5186666666666666,1.6133333333333333,4.509,1.4463333333333332,0.13566666666666669,0.449,0.782,2.139
2021-01-01,1.56237,2.51517,1.44475,270.51266666666663,114.84133333333332,0.0,6.166666666666666,0.5936666666666666,3.9979999999999998,1.5363333333333333,1.5736666666666668,4.645,1.5626666666666666,0.137,0.4406666666666667,0.7816666666666666,2.5376666666666665
